Workbook

Sheet d02
F1: Part 1 | G1: Part 2
F2: =SUM(F4:F103) -> 2683 | G2: =SUM(G4:G103) -> 49710
A4: =input!$B1 -> 1 | B4: ='r'!AM3 -> 3 | C4: =g!AM3 -> 6 | D4: =b!AM3 -> 5 | E4: =AND($B4<=12,$C4<=13,$D4<=14) -> TRUE | F4: =IF(E4,A4,0) -> 1 | G4: =B4*C4*D4 -> 90
A5: =input!$B2 -> 2 | B5: ='r'!AM4 -> 9 | C5: =g!AM4 -> 13 | D5: =b!AM4 -> 2 | E5: =AND($B5<=12,$C5<=13,$D5<=14) -> TRUE | F5: =IF(E5,A5,0) -> 2 | G5: =B5*C5*D5 -> 234
A6: =input!$B3 -> 3 | B6: ='r'!AM5 -> 9 | C6: =g!AM5 -> 2 | D6: =b!AM5 -> 4 | E6: =AND($B6<=12,$C6<=13,$D6<=14) -> TRUE | F6: =IF(E6,A6,0) -> 3 | G6: =B6*C6*D6 -> 72
A7: =input!$B4 -> 4 | B7: ='r'!AM6 -> 11 | C7: =g!AM6 -> 4 | D7: =b!AM6 -> 18 | E7: =AND($B7<=12,$C7<=13,$D7<=14) -> FALSE | F7: =IF(E7,A7,0) -> 0 | G7: =B7*C7*D7 -> 792
A8: =input!$B5 -> 5 | B8: ='r'!AM7 -> 16 | C8: =g!AM7 -> 6 | D8: =b!AM7 -> 1 | E8: =AND($B8<=12,$C8<=13,$D8<=14) -> FALSE | F8: =IF(E8,A8,0) -> 0 | G8: =B8*C8*D8 -> 96
A9: =input!$B6 -> 6 | B9: ='r'!AM8 -> 9 | C9: =g!AM8 -> 19 | D9: =b!AM8 -> 6 | E9: =AND($B9<=12,$C9<=13,$D9<=14) -> FALSE | F9: =IF(E9,A9,0) -> 0 | G9: =B9*C9*D9 -> 1026
A10: =input!$B7 -> 7 | B10: ='r'!AM9 -> 6 | C10: =g!AM9 -> 9 | D10: =b!AM9 -> 16 | E10: =AND($B10<=12,$C10<=13,$D10<=14) -> FALSE | F10: =IF(E10,A10,0) -> 0 | G10: =B10*C10*D10 -> 864
A11: =input!$B8 -> 8 | B11: ='r'!AM10 -> 10 | C11: =g!AM10 -> 6 | D11: =b!AM10 -> 17 | E11: =AND($B11<=12,$C11<=13,$D11<=14) -> FALSE | F11: =IF(E11,A11,0) -> 0 | G11: =B11*C11*D11 -> 1020
A12: =input!$B9 -> 9 | B12: ='r'!AM11 -> 3 | C12: =g!AM11 -> 4 | D12: =b!AM11 -> 6 | E12: =AND($B12<=12,$C12<=13,$D12<=14) -> TRUE | F12: =IF(E12,A12,0) -> 9 | G12: =B12*C12*D12 -> 72
A13: =input!$B10 -> 10 | B13: ='r'!AM12 -> 10 | C13: =g!AM12 -> 5 | D13: =b!AM12 -> 6 | E13: =AND($B13<=12,$C13<=13,$D13<=14) -> TRUE | F13: =IF(E13,A13,0) -> 10 | G13: =B13*C13*D13 -> 300
A14: =input!$B11 -> 11 | B14: ='r'!AM13 -> 13 | C14: =g!AM13 -> 12 | D14: =b!AM13 -> 2 | E14: =AND($B14<=12,$C14<=13,$D14<=14) -> FALSE | F14: =IF(E14,A14,0) -> 0 | G14: =B14*C14*D14 -> 312
A15: =input!$B12 -> 12 | B15: ='r'!AM14 -> 3 | C15: =g!AM14 -> 3 | D15: =b!AM14 -> 11 | E15: =AND($B15<=12,$C15<=13,$D15<=14) -> TRUE | F15: =IF(E15,A15,0) -> 12 | G15: =B15*C15*D15 -> 99
... A103: =input!$B100 -> 100 | B103: ='r'!AM102 -> 6 | C103: =g!AM102 -> 6 | D103: =b!AM102 -> 14 | E103: =AND($B103<=12,$C103<=13,$D103<=14) -> TRUE | F103: =IF(E103,A103,0) -> 100 | G103: =B103*C103*D103 -> 504

Sheet r
A1: r
A3: =IF(LEFT(input!D1,1)=$A$1,input!C1,0) -> 0 | B3: =IF(LEFT(input!E1,1)=$A$1,input!D1,0) -> 0 | C3: =IF(LEFT(input!F1,1)=$A$1,input!E1,0) -> 0 | D3: =IF(LEFT(input!G1,1)=$A$1,input!F1,0) -> 0 | E3: =IF(LEFT(input!H1,1)=$A$1,input!G1,0) -> 3 | F3: =IF(LEFT(input!I1,1)=$A$1,input!H1,0) -> 0 | G3: =IF(LEFT(input!J1,1)=$A$1,input!I1,0) -> 0 | H3: =IF(LEFT(input!K1,1)=$A$1,input!J1,0) -> 0 | ... AI3: =IF(LEFT(input!AL1,1)=$A$1,input!AK1,0) -> 0 | AJ3: =IF(LEFT(input!AM3,1)=$A$1,input!AL1,0) -> 0 | AK3: =IF(LEFT(input!AN3,1)=$A$1,input!AM3,0) -> 0 | AL3: =IF(LEFT(input!AO3,1)=$A$1,input!AN3,0) -> 0 | AM3: =MAX(A3:AL3) -> 3
A4: =IF(LEFT(input!D2,1)=$A$1,input!C2,0) -> 2 | B4: =IF(LEFT(input!E2,1)=$A$1,input!D2,0) -> 0 | C4: =IF(LEFT(input!F2,1)=$A$1,input!E2,0) -> 0 | D4: =IF(LEFT(input!G2,1)=$A$1,input!F2,0) -> 0 | E4: =IF(LEFT(input!H2,1)=$A$1,input!G2,0) -> 0 | F4: =IF(LEFT(input!I2,1)=$A$1,input!H2,0) -> 0 | G4: =IF(LEFT(input!J2,1)=$A$1,input!I2,0) -> 0 | H4: =IF(LEFT(input!K2,1)=$A$1,input!J2,0) -> 0 | ... AI4: =IF(LEFT(input!AL2,1)=$A$1,input!AK2,0) -> 0 | AJ4: =IF(LEFT(input!AM4,1)=$A$1,input!AL2,0) -> 0 | AK4: =IF(LEFT(input!AN4,1)=$A$1,input!AM4,0) -> 0 | AL4: =IF(LEFT(input!AO4,1)=$A$1,input!AN4,0) -> 0 | AM4: =MAX(A4:AL4) -> 9
A5: =IF(LEFT(input!D3,1)=$A$1,input!C3,0) -> 0 | B5: =IF(LEFT(input!E3,1)=$A$1,input!D3,0) -> 0 | C5: =IF(LEFT(input!F3,1)=$A$1,input!E3,0) -> 0 | D5: =IF(LEFT(input!G3,1)=$A$1,input!F3,0) -> 0 | E5: =IF(LEFT(input!H3,1)=$A$1,input!G3,0) -> 9 | F5: =IF(LEFT(input!I3,1)=$A$1,input!H3,0) -> 0 | G5: =IF(LEFT(input!J3,1)=$A$1,input!I3,0) -> 3 | H5: =IF(LEFT(input!K3,1)=$A$1,input!J3,0) -> 0 | ... AI5: =IF(LEFT(input!AL3,1)=$A$1,input!AK3,0) -> 0 | AJ5: =IF(LEFT(input!AM5,1)=$A$1,input!AL3,0) -> 0 | AK5: =IF(LEFT(input!AN5,1)=$A$1,input!AM5,0) -> 0 | AL5: =IF(LEFT(input!AO5,1)=$A$1,input!AN5,0) -> 0 | AM5: =MAX(A5:AL5) -> 9
A6: =IF(LEFT(input!D4,1)=$A$1,input!C4,0) -> 9 | B6: =IF(LEFT(input!E4,1)=$A$1,input!D4,0) -> 0 | C6: =IF(LEFT(input!F4,1)=$A$1,input!E4,0) -> 0 | D6: =IF(LEFT(input!G4,1)=$A$1,input!F4,0) -> 0 | E6: =IF(LEFT(input!H4,1)=$A$1,input!G4,0) -> 0 | F6: =IF(LEFT(input!I4,1)=$A$1,input!H4,0) -> 0 | G6: =IF(LEFT(input!J4,1)=$A$1,input!I4,0) -> 8 | H6: =IF(LEFT(input!K4,1)=$A$1,input!J4,0) -> 0 | ... AI6: =IF(LEFT(input!AL4,1)=$A$1,input!AK4,0) -> 0 | AJ6: =IF(LEFT(input!AM6,1)=$A$1,input!AL4,0) -> 0 | AK6: =IF(LEFT(input!AN6,1)=$A$1,input!AM6,0) -> 0 | AL6: =IF(LEFT(input!AO6,1)=$A$1,input!AN6,0) -> 0 | AM6: =MAX(A6:AL6) -> 11
A7: =IF(LEFT(input!D5,1)=$A$1,input!C5,0) -> 0 | B7: =IF(LEFT(input!E5,1)=$A$1,input!D5,0) -> 0 | C7: =IF(LEFT(input!F5,1)=$A$1,input!E5,0) -> 0 | D7: =IF(LEFT(input!G5,1)=$A$1,input!F5,0) -> 0 | E7: =IF(LEFT(input!H5,1)=$A$1,input!G5,0) -> 3 | F7: =IF(LEFT(input!I5,1)=$A$1,input!H5,0) -> 0 | G7: =IF(LEFT(input!J5,1)=$A$1,input!I5,0) -> 16 | H7: =IF(LEFT(input!K5,1)=$A$1,input!J5,0) -> 0 | ... AI7: =IF(LEFT(input!AL5,1)=$A$1,input!AK5,0) -> 0 | AJ7: =IF(LEFT(input!AM7,1)=$A$1,input!AL5,0) -> 0 | AK7: =IF(LEFT(input!AN7,1)=$A$1,input!AM7,0) -> 0 | AL7: =IF(LEFT(input!AO7,1)=$A$1,input!AN7,0) -> 0 | AM7: =MAX(A7:AL7) -> 16
A8: =IF(LEFT(input!D6,1)=$A$1,input!C6,0) -> 0 | B8: =IF(LEFT(input!E6,1)=$A$1,input!D6,0) -> 0 | C8: =IF(LEFT(input!F6,1)=$A$1,input!E6,0) -> 7 | D8: =IF(LEFT(input!G6,1)=$A$1,input!F6,0) -> 0 | E8: =IF(LEFT(input!H6,1)=$A$1,input!G6,0) -> 0 | F8: =IF(LEFT(input!I6,1)=$A$1,input!H6,0) -> 0 | G8: =IF(LEFT(input!J6,1)=$A$1,input!I6,0) -> 0 | H8: =IF(LEFT(input!K6,1)=$A$1,input!J6,0) -> 0 | ... AI8: =IF(LEFT(input!AL6,1)=$A$1,input!AK6,0) -> 0 | AJ8: =IF(LEFT(input!AM8,1)=$A$1,input!AL6,0) -> 0 | AK8: =IF(LEFT(input!AN8,1)=$A$1,input!AM8,0) -> 0 | AL8: =IF(LEFT(input!AO8,1)=$A$1,input!AN8,0) -> 0 | AM8: =MAX(A8:AL8) -> 9
A9: =IF(LEFT(input!D7,1)=$A$1,input!C7,0) -> 0 | B9: =IF(LEFT(input!E7,1)=$A$1,input!D7,0) -> 0 | C9: =IF(LEFT(input!F7,1)=$A$1,input!E7,0) -> 0 | D9: =IF(LEFT(input!G7,1)=$A$1,input!F7,0) -> 0 | E9: =IF(LEFT(input!H7,1)=$A$1,input!G7,0) -> 6 | F9: =IF(LEFT(input!I7,1)=$A$1,input!H7,0) -> 0 | G9: =IF(LEFT(input!J7,1)=$A$1,input!I7,0) -> 0 | H9: =IF(LEFT(input!K7,1)=$A$1,input!J7,0) -> 0 | ... AI9: =IF(LEFT(input!AL7,1)=$A$1,input!AK7,0) -> 0 | AJ9: =IF(LEFT(input!AM9,1)=$A$1,input!AL7,0) -> 0 | AK9: =IF(LEFT(input!AN9,1)=$A$1,input!AM9,0) -> 0 | AL9: =IF(LEFT(input!AO9,1)=$A$1,input!AN9,0) -> 0 | AM9: =MAX(A9:AL9) -> 6
A10: =IF(LEFT(input!D8,1)=$A$1,input!C8,0) -> 0 | B10: =IF(LEFT(input!E8,1)=$A$1,input!D8,0) -> 0 | C10: =IF(LEFT(input!F8,1)=$A$1,input!E8,0) -> 10 | D10: =IF(LEFT(input!G8,1)=$A$1,input!F8,0) -> 0 | E10: =IF(LEFT(input!H8,1)=$A$1,input!G8,0) -> 7 | F10: =IF(LEFT(input!I8,1)=$A$1,input!H8,0) -> 0 | G10: =IF(LEFT(input!J8,1)=$A$1,input!I8,0) -> 0 | H10: =IF(LEFT(input!K8,1)=$A$1,input!J8,0) -> 0 | ... AI10: =IF(LEFT(input!AL8,1)=$A$1,input!AK8,0) -> 0 | AJ10: =IF(LEFT(input!AM10,1)=$A$1,input!AL8,0) -> 0 | AK10: =IF(LEFT(input!AN10,1)=$A$1,input!AM10,0) -> 0 | AL10: =IF(LEFT(input!AO10,1)=$A$1,input!AN10,0) -> 0 | AM10: =MAX(A10:AL10) -> 10
A11: =IF(LEFT(input!D9,1)=$A$1,input!C9,0) -> 2 | B11: =IF(LEFT(input!E9,1)=$A$1,input!D9,0) -> 0 | C11: =IF(LEFT(input!F9,1)=$A$1,input!E9,0) -> 0 | D11: =IF(LEFT(input!G9,1)=$A$1,input!F9,0) -> 0 | E11: =IF(LEFT(input!H9,1)=$A$1,input!G9,0) -> 0 | F11: =IF(LEFT(input!I9,1)=$A$1,input!H9,0) -> 0 | G11: =IF(LEFT(input!J9,1)=$A$1,input!I9,0) -> 0 | H11: =IF(LEFT(input!K9,1)=$A$1,input!J9,0) -> 0 | ... AI11: =IF(LEFT(input!AL9,1)=$A$1,input!AK9,0) -> 0 | AJ11: =IF(LEFT(input!AM11,1)=$A$1,input!AL9,0) -> 0 | AK11: =IF(LEFT(input!AN11,1)=$A$1,input!AM11,0) -> 0 | AL11: =IF(LEFT(input!AO11,1)=$A$1,input!AN11,0) -> 0 | AM11: =MAX(A11:AL11) -> 3
A12: =IF(LEFT(input!D10,1)=$A$1,input!C10,0) -> 0 | B12: =IF(LEFT(input!E10,1)=$A$1,input!D10,0) -> 0 | C12: =IF(LEFT(input!F10,1)=$A$1,input!E10,0) -> 5 | D12: =IF(LEFT(input!G10,1)=$A$1,input!F10,0) -> 0 | E12: =IF(LEFT(input!H10,1)=$A$1,input!G10,0) -> 0 | F12: =IF(LEFT(input!I10,1)=$A$1,input!H10,0) -> 0 | G12: =IF(LEFT(input!J10,1)=$A$1,input!I10,0) -> 0 | H12: =IF(LEFT(input!K10,1)=$A$1,input!J10,0) -> 0 | ... AI12: =IF(LEFT(input!AL10,1)=$A$1,input!AK10,0) -> 0 | AJ12: =IF(LEFT(input!AM12,1)=$A$1,input!AL10,0) -> 0 | AK12: =IF(LEFT(input!AN12,1)=$A$1,input!AM12,0) -> 0 | AL12: =IF(LEFT(input!AO12,1)=$A$1,input!AN12,0) -> 0 | AM12: =MAX(A12:AL12) -> 10
A13: =IF(LEFT(input!D11,1)=$A$1,input!C11,0) -> 0 | B13: =IF(LEFT(input!E11,1)=$A$1,input!D11,0) -> 0 | C13: =IF(LEFT(input!F11,1)=$A$1,input!E11,0) -> 7 | D13: =IF(LEFT(input!G11,1)=$A$1,input!F11,0) -> 0 | E13: =IF(LEFT(input!H11,1)=$A$1,input!G11,0) -> 0 | F13: =IF(LEFT(input!I11,1)=$A$1,input!H11,0) -> 0 | G13: =IF(LEFT(input!J11,1)=$A$1,input!I11,0) -> 0 | H13: =IF(LEFT(input!K11,1)=$A$1,input!J11,0) -> 0 | ... AI13: =IF(LEFT(input!AL11,1)=$A$1,input!AK11,0) -> 0 | AJ13: =IF(LEFT(input!AM13,1)=$A$1,input!AL11,0) -> 0 | AK13: =IF(LEFT(input!AN13,1)=$A$1,input!AM13,0) -> 0 | AL13: =IF(LEFT(input!AO13,1)=$A$1,input!AN13,0) -> 0 | AM13: =MAX(A13:AL13) -> 13
A14: =IF(LEFT(input!D12,1)=$A$1,input!C12,0) -> 0 | B14: =IF(LEFT(input!E12,1)=$A$1,input!D12,0) -> 0 | C14: =IF(LEFT(input!F12,1)=$A$1,input!E12,0) -> 2 | D14: =IF(LEFT(input!G12,1)=$A$1,input!F12,0) -> 0 | E14: =IF(LEFT(input!H12,1)=$A$1,input!G12,0) -> 0 | F14: =IF(LEFT(input!I12,1)=$A$1,input!H12,0) -> 0 | G14: =IF(LEFT(input!J12,1)=$A$1,input!I12,0) -> 0 | H14: =IF(LEFT(input!K12,1)=$A$1,input!J12,0) -> 0 | ... AI14: =IF(LEFT(input!AL12,1)=$A$1,input!AK12,0) -> 0 | AJ14: =IF(LEFT(input!AM14,1)=$A$1,input!AL12,0) -> 0 | AK14: =IF(LEFT(input!AN14,1)=$A$1,input!AM14,0) -> 0 | AL14: =IF(LEFT(input!AO14,1)=$A$1,input!AN14,0) -> 0 | AM14: =MAX(A14:AL14) -> 3
... A102: =IF(LEFT(input!D100,1)=$A$1,input!C100,0) -> 0 | B102: =IF(LEFT(input!E100,1)=$A$1,input!D100,0) -> 0 | C102: =IF(LEFT(input!F100,1)=$A$1,input!E100,0) -> 0 | D102: =IF(LEFT(input!G100,1)=$A$1,input!F100,0) -> 0 | E102: =IF(LEFT(input!H100,1)=$A$1,input!G100,0) -> 6 | F102: =IF(LEFT(input!I100,1)=$A$1,input!H100,0) -> 0 | G102: =IF(LEFT(input!J100,1)=$A$1,input!I100,0) -> 0 | H102: =IF(LEFT(input!K100,1)=$A$1,input!J100,0) -> 0 | ... AI102: =IF(LEFT(input!AL100,1)=$A$1,input!AK100,0) -> 0 | AJ102: =IF(LEFT(input!AM102,1)=$A$1,input!AL100,0) -> 0 | AK102: =IF(LEFT(input!AN102,1)=$A$1,input!AM102,0) -> 0 | AL102: =IF(LEFT(input!AO102,1)=$A$1,input!AN102,0) -> 0 | AM102: =MAX(A102:AL102) -> 6

Sheet g
A1: g
A3: =IF(LEFT(input!D1,1)=$A$1,input!C1,0) -> 6 | B3: =IF(LEFT(input!E1,1)=$A$1,input!D1,0) -> 0 | C3: =IF(LEFT(input!F1,1)=$A$1,input!E1,0) -> 0 | D3: =IF(LEFT(input!G1,1)=$A$1,input!F1,0) -> 0 | E3: =IF(LEFT(input!H1,1)=$A$1,input!G1,0) -> 0 | F3: =IF(LEFT(input!I1,1)=$A$1,input!H1,0) -> 0 | G3: =IF(LEFT(input!J1,1)=$A$1,input!I1,0) -> 1 | H3: =IF(LEFT(input!K1,1)=$A$1,input!J1,0) -> 0 | ... AI3: =IF(LEFT(input!AL1,1)=$A$1,input!AK1,0) -> 0 | AJ3: =IF(LEFT(input!AM3,1)=$A$1,input!AL1,0) -> 0 | AK3: =IF(LEFT(input!AN3,1)=$A$1,input!AM3,0) -> 0 | AL3: =IF(LEFT(input!AO3,1)=$A$1,input!AN3,0) -> 0 | AM3: =MAX(A3:AL3) -> 6
A4: =IF(LEFT(input!D2,1)=$A$1,input!C2,0) -> 0 | B4: =IF(LEFT(input!E2,1)=$A$1,input!D2,0) -> 0 | C4: =IF(LEFT(input!F2,1)=$A$1,input!E2,0) -> 7 | D4: =IF(LEFT(input!G2,1)=$A$1,input!F2,0) -> 0 | E4: =IF(LEFT(input!H2,1)=$A$1,input!G2,0) -> 13 | F4: =IF(LEFT(input!I2,1)=$A$1,input!H2,0) -> 0 | G4: =IF(LEFT(input!J2,1)=$A$1,input!I2,0) -> 0 | H4: =IF(LEFT(input!K2,1)=$A$1,input!J2,0) -> 0 | ... AI4: =IF(LEFT(input!AL2,1)=$A$1,input!AK2,0) -> 0 | AJ4: =IF(LEFT(input!AM4,1)=$A$1,input!AL2,0) -> 0 | AK4: =IF(LEFT(input!AN4,1)=$A$1,input!AM4,0) -> 0 | AL4: =IF(LEFT(input!AO4,1)=$A$1,input!AN4,0) -> 0 | AM4: =MAX(A4:AL4) -> 13
A5: =IF(LEFT(input!D3,1)=$A$1,input!C3,0) -> 2 | B5: =IF(LEFT(input!E3,1)=$A$1,input!D3,0) -> 0 | C5: =IF(LEFT(input!F3,1)=$A$1,input!E3,0) -> 0 | D5: =IF(LEFT(input!G3,1)=$A$1,input!F3,0) -> 0 | E5: =IF(LEFT(input!H3,1)=$A$1,input!G3,0) -> 0 | F5: =IF(LEFT(input!I3,1)=$A$1,input!H3,0) -> 0 | G5: =IF(LEFT(input!J3,1)=$A$1,input!I3,0) -> 0 | H5: =IF(LEFT(input!K3,1)=$A$1,input!J3,0) -> 0 | ... AI5: =IF(LEFT(input!AL3,1)=$A$1,input!AK3,0) -> 0 | AJ5: =IF(LEFT(input!AM5,1)=$A$1,input!AL3,0) -> 0 | AK5: =IF(LEFT(input!AN5,1)=$A$1,input!AM5,0) -> 0 | AL5: =IF(LEFT(input!AO5,1)=$A$1,input!AN5,0) -> 0 | AM5: =MAX(A5:AL5) -> 2
A6: =IF(LEFT(input!D4,1)=$A$1,input!C4,0) -> 0 | B6: =IF(LEFT(input!E4,1)=$A$1,input!D4,0) -> 0 | C6: =IF(LEFT(input!F4,1)=$A$1,input!E4,0) -> 3 | D6: =IF(LEFT(input!G4,1)=$A$1,input!F4,0) -> 0 | E6: =IF(LEFT(input!H4,1)=$A$1,input!G4,0) -> 3 | F6: =IF(LEFT(input!I4,1)=$A$1,input!H4,0) -> 0 | G6: =IF(LEFT(input!J4,1)=$A$1,input!I4,0) -> 0 | H6: =IF(LEFT(input!K4,1)=$A$1,input!J4,0) -> 0 | ... AI6: =IF(LEFT(input!AL4,1)=$A$1,input!AK4,0) -> 0 | AJ6: =IF(LEFT(input!AM6,1)=$A$1,input!AL4,0) -> 0 | AK6: =IF(LEFT(input!AN6,1)=$A$1,input!AM6,0) -> 0 | AL6: =IF(LEFT(input!AO6,1)=$A$1,input!AN6,0) -> 0 | AM6: =MAX(A6:AL6) -> 4
A7: =IF(LEFT(input!D5,1)=$A$1,input!C5,0) -> 0 | B7: =IF(LEFT(input!E5,1)=$A$1,input!D5,0) -> 0 | C7: =IF(LEFT(input!F5,1)=$A$1,input!E5,0) -> 2 | D7: =IF(LEFT(input!G5,1)=$A$1,input!F5,0) -> 0 | E7: =IF(LEFT(input!H5,1)=$A$1,input!G5,0) -> 0 | F7: =IF(LEFT(input!I5,1)=$A$1,input!H5,0) -> 0 | G7: =IF(LEFT(input!J5,1)=$A$1,input!I5,0) -> 0 | H7: =IF(LEFT(input!K5,1)=$A$1,input!J5,0) -> 0 | ... AI7: =IF(LEFT(input!AL5,1)=$A$1,input!AK5,0) -> 0 | AJ7: =IF(LEFT(input!AM7,1)=$A$1,input!AL5,0) -> 0 | AK7: =IF(LEFT(input!AN7,1)=$A$1,input!AM7,0) -> 0 | AL7: =IF(LEFT(input!AO7,1)=$A$1,input!AN7,0) -> 0 | AM7: =MAX(A7:AL7) -> 6
A8: =IF(LEFT(input!D6,1)=$A$1,input!C6,0) -> 4 | B8: =IF(LEFT(input!E6,1)=$A$1,input!D6,0) -> 0 | C8: =IF(LEFT(input!F6,1)=$A$1,input!E6,0) -> 0 | D8: =IF(LEFT(input!G6,1)=$A$1,input!F6,0) -> 0 | E8: =IF(LEFT(input!H6,1)=$A$1,input!G6,0) -> 0 | F8: =IF(LEFT(input!I6,1)=$A$1,input!H6,0) -> 0 | G8: =IF(LEFT(input!J6,1)=$A$1,input!I6,0) -> 18 | H8: =IF(LEFT(input!K6,1)=$A$1,input!J6,0) -> 0 | ... AI8: =IF(LEFT(input!AL6,1)=$A$1,input!AK6,0) -> 10 | AJ8: =IF(LEFT(input!AM8,1)=$A$1,input!AL6,0) -> 0 | AK8: =IF(LEFT(input!AN8,1)=$A$1,input!AM8,0) -> 0 | AL8: =IF(LEFT(input!AO8,1)=$A$1,input!AN8,0) -> 0 | AM8: =MAX(A8:AL8) -> 19
A9: =IF(LEFT(input!D7,1)=$A$1,input!C7,0) -> 0 | B9: =IF(LEFT(input!E7,1)=$A$1,input!D7,0) -> 0 | C9: =IF(LEFT(input!F7,1)=$A$1,input!E7,0) -> 5 | D9: =IF(LEFT(input!G7,1)=$A$1,input!F7,0) -> 0 | E9: =IF(LEFT(input!H7,1)=$A$1,input!G7,0) -> 0 | F9: =IF(LEFT(input!I7,1)=$A$1,input!H7,0) -> 0 | G9: =IF(LEFT(input!J7,1)=$A$1,input!I7,0) -> 0 | H9: =IF(LEFT(input!K7,1)=$A$1,input!J7,0) -> 0 | ... AI9: =IF(LEFT(input!AL7,1)=$A$1,input!AK7,0) -> 0 | AJ9: =IF(LEFT(input!AM9,1)=$A$1,input!AL7,0) -> 0 | AK9: =IF(LEFT(input!AN9,1)=$A$1,input!AM9,0) -> 0 | AL9: =IF(LEFT(input!AO9,1)=$A$1,input!AN9,0) -> 0 | AM9: =MAX(A9:AL9) -> 9
A10: =IF(LEFT(input!D8,1)=$A$1,input!C8,0) -> 6 | B10: =IF(LEFT(input!E8,1)=$A$1,input!D8,0) -> 0 | C10: =IF(LEFT(input!F8,1)=$A$1,input!E8,0) -> 0 | D10: =IF(LEFT(input!G8,1)=$A$1,input!F8,0) -> 0 | E10: =IF(LEFT(input!H8,1)=$A$1,input!G8,0) -> 0 | F10: =IF(LEFT(input!I8,1)=$A$1,input!H8,0) -> 0 | G10: =IF(LEFT(input!J8,1)=$A$1,input!I8,0) -> 6 | H10: =IF(LEFT(input!K8,1)=$A$1,input!J8,0) -> 0 | ... AI10: =IF(LEFT(input!AL8,1)=$A$1,input!AK8,0) -> 0 | AJ10: =IF(LEFT(input!AM10,1)=$A$1,input!AL8,0) -> 0 | AK10: =IF(LEFT(input!AN10,1)=$A$1,input!AM10,0) -> 0 | AL10: =IF(LEFT(input!AO10,1)=$A$1,input!AN10,0) -> 0 | AM10: =MAX(A10:AL10) -> 6
A11: =IF(LEFT(input!D9,1)=$A$1,input!C9,0) -> 0 | B11: =IF(LEFT(input!E9,1)=$A$1,input!D9,0) -> 0 | C11: =IF(LEFT(input!F9,1)=$A$1,input!E9,0) -> 4 | D11: =IF(LEFT(input!G9,1)=$A$1,input!F9,0) -> 0 | E11: =IF(LEFT(input!H9,1)=$A$1,input!G9,0) -> 0 | F11: =IF(LEFT(input!I9,1)=$A$1,input!H9,0) -> 0 | G11: =IF(LEFT(input!J9,1)=$A$1,input!I9,0) -> 2 | H11: =IF(LEFT(input!K9,1)=$A$1,input!J9,0) -> 0 | ... AI11: =IF(LEFT(input!AL9,1)=$A$1,input!AK9,0) -> 0 | AJ11: =IF(LEFT(input!AM11,1)=$A$1,input!AL9,0) -> 0 | AK11: =IF(LEFT(input!AN11,1)=$A$1,input!AM11,0) -> 0 | AL11: =IF(LEFT(input!AO11,1)=$A$1,input!AN11,0) -> 0 | AM11: =MAX(A11:AL11) -> 4
A12: =IF(LEFT(input!D10,1)=$A$1,input!C10,0) -> 3 | B12: =IF(LEFT(input!E10,1)=$A$1,input!D10,0) -> 0 | C12: =IF(LEFT(input!F10,1)=$A$1,input!E10,0) -> 0 | D12: =IF(LEFT(input!G10,1)=$A$1,input!F10,0) -> 0 | E12: =IF(LEFT(input!H10,1)=$A$1,input!G10,0) -> 0 | F12: =IF(LEFT(input!I10,1)=$A$1,input!H10,0) -> 0 | G12: =IF(LEFT(input!J10,1)=$A$1,input!I10,0) -> 0 | H12: =IF(LEFT(input!K10,1)=$A$1,input!J10,0) -> 0 | ... AI12: =IF(LEFT(input!AL10,1)=$A$1,input!AK10,0) -> 0 | AJ12: =IF(LEFT(input!AM12,1)=$A$1,input!AL10,0) -> 0 | AK12: =IF(LEFT(input!AN12,1)=$A$1,input!AM12,0) -> 0 | AL12: =IF(LEFT(input!AO12,1)=$A$1,input!AN12,0) -> 0 | AM12: =MAX(A12:AL12) -> 5
A13: =IF(LEFT(input!D11,1)=$A$1,input!C11,0) -> 0 | B13: =IF(LEFT(input!E11,1)=$A$1,input!D11,0) -> 0 | C13: =IF(LEFT(input!F11,1)=$A$1,input!E11,0) -> 0 | D13: =IF(LEFT(input!G11,1)=$A$1,input!F11,0) -> 0 | E13: =IF(LEFT(input!H11,1)=$A$1,input!G11,0) -> 9 | F13: =IF(LEFT(input!I11,1)=$A$1,input!H11,0) -> 0 | G13: =IF(LEFT(input!J11,1)=$A$1,input!I11,0) -> 0 | H13: =IF(LEFT(input!K11,1)=$A$1,input!J11,0) -> 0 | ... AI13: =IF(LEFT(input!AL11,1)=$A$1,input!AK11,0) -> 0 | AJ13: =IF(LEFT(input!AM13,1)=$A$1,input!AL11,0) -> 0 | AK13: =IF(LEFT(input!AN13,1)=$A$1,input!AM13,0) -> 0 | AL13: =IF(LEFT(input!AO13,1)=$A$1,input!AN13,0) -> 0 | AM13: =MAX(A13:AL13) -> 12
A14: =IF(LEFT(input!D12,1)=$A$1,input!C12,0) -> 0 | B14: =IF(LEFT(input!E12,1)=$A$1,input!D12,0) -> 0 | C14: =IF(LEFT(input!F12,1)=$A$1,input!E12,0) -> 0 | D14: =IF(LEFT(input!G12,1)=$A$1,input!F12,0) -> 0 | E14: =IF(LEFT(input!H12,1)=$A$1,input!G12,0) -> 0 | F14: =IF(LEFT(input!I12,1)=$A$1,input!H12,0) -> 0 | G14: =IF(LEFT(input!J12,1)=$A$1,input!I12,0) -> 2 | H14: =IF(LEFT(input!K12,1)=$A$1,input!J12,0) -> 0 | ... AI14: =IF(LEFT(input!AL12,1)=$A$1,input!AK12,0) -> 0 | AJ14: =IF(LEFT(input!AM14,1)=$A$1,input!AL12,0) -> 0 | AK14: =IF(LEFT(input!AN14,1)=$A$1,input!AM14,0) -> 0 | AL14: =IF(LEFT(input!AO14,1)=$A$1,input!AN14,0) -> 0 | AM14: =MAX(A14:AL14) -> 3
... A102: =IF(LEFT(input!D100,1)=$A$1,input!C100,0) -> 5 | B102: =IF(LEFT(input!E100,1)=$A$1,input!D100,0) -> 0 | C102: =IF(LEFT(input!F100,1)=$A$1,input!E100,0) -> 0 | D102: =IF(LEFT(input!G100,1)=$A$1,input!F100,0) -> 0 | E102: =IF(LEFT(input!H100,1)=$A$1,input!G100,0) -> 0 | F102: =IF(LEFT(input!I100,1)=$A$1,input!H100,0) -> 0 | G102: =IF(LEFT(input!J100,1)=$A$1,input!I100,0) -> 5 | H102: =IF(LEFT(input!K100,1)=$A$1,input!J100,0) -> 0 | ... AI102: =IF(LEFT(input!AL100,1)=$A$1,input!AK100,0) -> 0 | AJ102: =IF(LEFT(input!AM102,1)=$A$1,input!AL100,0) -> 0 | AK102: =IF(LEFT(input!AN102,1)=$A$1,input!AM102,0) -> 0 | AL102: =IF(LEFT(input!AO102,1)=$A$1,input!AN102,0) -> 0 | AM102: =MAX(A102:AL102) -> 6

Sheet b
A1: b
A3: =IF(LEFT(input!D1,1)=$A$1,input!C1,0) -> 0 | B3: =IF(LEFT(input!E1,1)=$A$1,input!D1,0) -> 0 | C3: =IF(LEFT(input!F1,1)=$A$1,input!E1,0) -> 3 | D3: =IF(LEFT(input!G1,1)=$A$1,input!F1,0) -> 0 | E3: =IF(LEFT(input!H1,1)=$A$1,input!G1,0) -> 0 | F3: =IF(LEFT(input!I1,1)=$A$1,input!H1,0) -> 0 | G3: =IF(LEFT(input!J1,1)=$A$1,input!I1,0) -> 0 | H3: =IF(LEFT(input!K1,1)=$A$1,input!J1,0) -> 0 | ... AI3: =IF(LEFT(input!AL1,1)=$A$1,input!AK1,0) -> 0 | AJ3: =IF(LEFT(input!AM3,1)=$A$1,input!AL1,0) -> 0 | AK3: =IF(LEFT(input!AN3,1)=$A$1,input!AM3,0) -> 0 | AL3: =IF(LEFT(input!AO3,1)=$A$1,input!AN3,0) -> 0 | AM3: =MAX(A3:AL3) -> 5
A4: =IF(LEFT(input!D2,1)=$A$1,input!C2,0) -> 0 | B4: =IF(LEFT(input!E2,1)=$A$1,input!D2,0) -> 0 | C4: =IF(LEFT(input!F2,1)=$A$1,input!E2,0) -> 0 | D4: =IF(LEFT(input!G2,1)=$A$1,input!F2,0) -> 0 | E4: =IF(LEFT(input!H2,1)=$A$1,input!G2,0) -> 0 | F4: =IF(LEFT(input!I2,1)=$A$1,input!H2,0) -> 0 | G4: =IF(LEFT(input!J2,1)=$A$1,input!I2,0) -> 2 | H4: =IF(LEFT(input!K2,1)=$A$1,input!J2,0) -> 0 | ... AI4: =IF(LEFT(input!AL2,1)=$A$1,input!AK2,0) -> 0 | AJ4: =IF(LEFT(input!AM4,1)=$A$1,input!AL2,0) -> 0 | AK4: =IF(LEFT(input!AN4,1)=$A$1,input!AM4,0) -> 0 | AL4: =IF(LEFT(input!AO4,1)=$A$1,input!AN4,0) -> 0 | AM4: =MAX(A4:AL4) -> 2
A5: =IF(LEFT(input!D3,1)=$A$1,input!C3,0) -> 0 | B5: =IF(LEFT(input!E3,1)=$A$1,input!D3,0) -> 0 | C5: =IF(LEFT(input!F3,1)=$A$1,input!E3,0) -> 3 | D5: =IF(LEFT(input!G3,1)=$A$1,input!F3,0) -> 0 | E5: =IF(LEFT(input!H3,1)=$A$1,input!G3,0) -> 0 | F5: =IF(LEFT(input!I3,1)=$A$1,input!H3,0) -> 0 | G5: =IF(LEFT(input!J3,1)=$A$1,input!I3,0) -> 0 | H5: =IF(LEFT(input!K3,1)=$A$1,input!J3,0) -> 0 | ... AI5: =IF(LEFT(input!AL3,1)=$A$1,input!AK3,0) -> 0 | AJ5: =IF(LEFT(input!AM5,1)=$A$1,input!AL3,0) -> 0 | AK5: =IF(LEFT(input!AN5,1)=$A$1,input!AM5,0) -> 0 | AL5: =IF(LEFT(input!AO5,1)=$A$1,input!AN5,0) -> 0 | AM5: =MAX(A5:AL5) -> 4
A6: =IF(LEFT(input!D4,1)=$A$1,input!C4,0) -> 0 | B6: =IF(LEFT(input!E4,1)=$A$1,input!D4,0) -> 0 | C6: =IF(LEFT(input!F4,1)=$A$1,input!E4,0) -> 0 | D6: =IF(LEFT(input!G4,1)=$A$1,input!F4,0) -> 0 | E6: =IF(LEFT(input!H4,1)=$A$1,input!G4,0) -> 0 | F6: =IF(LEFT(input!I4,1)=$A$1,input!H4,0) -> 0 | G6: =IF(LEFT(input!J4,1)=$A$1,input!I4,0) -> 0 | H6: =IF(LEFT(input!K4,1)=$A$1,input!J4,0) -> 0 | ... AI6: =IF(LEFT(input!AL4,1)=$A$1,input!AK4,0) -> 0 | AJ6: =IF(LEFT(input!AM6,1)=$A$1,input!AL4,0) -> 0 | AK6: =IF(LEFT(input!AN6,1)=$A$1,input!AM6,0) -> 0 | AL6: =IF(LEFT(input!AO6,1)=$A$1,input!AN6,0) -> 0 | AM6: =MAX(A6:AL6) -> 18
A7: =IF(LEFT(input!D5,1)=$A$1,input!C5,0) -> 1 | B7: =IF(LEFT(input!E5,1)=$A$1,input!D5,0) -> 0 | C7: =IF(LEFT(input!F5,1)=$A$1,input!E5,0) -> 0 | D7: =IF(LEFT(input!G5,1)=$A$1,input!F5,0) -> 0 | E7: =IF(LEFT(input!H5,1)=$A$1,input!G5,0) -> 0 | F7: =IF(LEFT(input!I5,1)=$A$1,input!H5,0) -> 0 | G7: =IF(LEFT(input!J5,1)=$A$1,input!I5,0) -> 0 | H7: =IF(LEFT(input!K5,1)=$A$1,input!J5,0) -> 0 | ... AI7: =IF(LEFT(input!AL5,1)=$A$1,input!AK5,0) -> 0 | AJ7: =IF(LEFT(input!AM7,1)=$A$1,input!AL5,0) -> 0 | AK7: =IF(LEFT(input!AN7,1)=$A$1,input!AM7,0) -> 0 | AL7: =IF(LEFT(input!AO7,1)=$A$1,input!AN7,0) -> 0 | AM7: =MAX(A7:AL7) -> 1
A8: =IF(LEFT(input!D6,1)=$A$1,input!C6,0) -> 0 | B8: =IF(LEFT(input!E6,1)=$A$1,input!D6,0) -> 0 | C8: =IF(LEFT(input!F6,1)=$A$1,input!E6,0) -> 0 | D8: =IF(LEFT(input!G6,1)=$A$1,input!F6,0) -> 0 | E8: =IF(LEFT(input!H6,1)=$A$1,input!G6,0) -> 1 | F8: =IF(LEFT(input!I6,1)=$A$1,input!H6,0) -> 0 | G8: =IF(LEFT(input!J6,1)=$A$1,input!I6,0) -> 0 | H8: =IF(LEFT(input!K6,1)=$A$1,input!J6,0) -> 0 | ... AI8: =IF(LEFT(input!AL6,1)=$A$1,input!AK6,0) -> 0 | AJ8: =IF(LEFT(input!AM8,1)=$A$1,input!AL6,0) -> 0 | AK8: =IF(LEFT(input!AN8,1)=$A$1,input!AM8,0) -> 0 | AL8: =IF(LEFT(input!AO8,1)=$A$1,input!AN8,0) -> 0 | AM8: =MAX(A8:AL8) -> 6
A9: =IF(LEFT(input!D7,1)=$A$1,input!C7,0) -> 16 | B9: =IF(LEFT(input!E7,1)=$A$1,input!D7,0) -> 0 | C9: =IF(LEFT(input!F7,1)=$A$1,input!E7,0) -> 0 | D9: =IF(LEFT(input!G7,1)=$A$1,input!F7,0) -> 0 | E9: =IF(LEFT(input!H7,1)=$A$1,input!G7,0) -> 0 | F9: =IF(LEFT(input!I7,1)=$A$1,input!H7,0) -> 0 | G9: =IF(LEFT(input!J7,1)=$A$1,input!I7,0) -> 1 | H9: =IF(LEFT(input!K7,1)=$A$1,input!J7,0) -> 0 | ... AI9: =IF(LEFT(input!AL7,1)=$A$1,input!AK7,0) -> 0 | AJ9: =IF(LEFT(input!AM9,1)=$A$1,input!AL7,0) -> 0 | AK9: =IF(LEFT(input!AN9,1)=$A$1,input!AM9,0) -> 0 | AL9: =IF(LEFT(input!AO9,1)=$A$1,input!AN9,0) -> 0 | AM9: =MAX(A9:AL9) -> 16
A10: =IF(LEFT(input!D8,1)=$A$1,input!C8,0) -> 0 | B10: =IF(LEFT(input!E8,1)=$A$1,input!D8,0) -> 0 | C10: =IF(LEFT(input!F8,1)=$A$1,input!E8,0) -> 0 | D10: =IF(LEFT(input!G8,1)=$A$1,input!F8,0) -> 0 | E10: =IF(LEFT(input!H8,1)=$A$1,input!G8,0) -> 0 | F10: =IF(LEFT(input!I8,1)=$A$1,input!H8,0) -> 0 | G10: =IF(LEFT(input!J8,1)=$A$1,input!I8,0) -> 0 | H10: =IF(LEFT(input!K8,1)=$A$1,input!J8,0) -> 0 | ... AI10: =IF(LEFT(input!AL8,1)=$A$1,input!AK8,0) -> 0 | AJ10: =IF(LEFT(input!AM10,1)=$A$1,input!AL8,0) -> 0 | AK10: =IF(LEFT(input!AN10,1)=$A$1,input!AM10,0) -> 0 | AL10: =IF(LEFT(input!AO10,1)=$A$1,input!AN10,0) -> 0 | AM10: =MAX(A10:AL10) -> 17
A11: =IF(LEFT(input!D9,1)=$A$1,input!C9,0) -> 0 | B11: =IF(LEFT(input!E9,1)=$A$1,input!D9,0) -> 0 | C11: =IF(LEFT(input!F9,1)=$A$1,input!E9,0) -> 0 | D11: =IF(LEFT(input!G9,1)=$A$1,input!F9,0) -> 0 | E11: =IF(LEFT(input!H9,1)=$A$1,input!G9,0) -> 5 | F11: =IF(LEFT(input!I9,1)=$A$1,input!H9,0) -> 0 | G11: =IF(LEFT(input!J9,1)=$A$1,input!I9,0) -> 0 | H11: =IF(LEFT(input!K9,1)=$A$1,input!J9,0) -> 0 | ... AI11: =IF(LEFT(input!AL9,1)=$A$1,input!AK9,0) -> 0 | AJ11: =IF(LEFT(input!AM11,1)=$A$1,input!AL9,0) -> 0 | AK11: =IF(LEFT(input!AN11,1)=$A$1,input!AM11,0) -> 0 | AL11: =IF(LEFT(input!AO11,1)=$A$1,input!AN11,0) -> 0 | AM11: =MAX(A11:AL11) -> 6
A12: =IF(LEFT(input!D10,1)=$A$1,input!C10,0) -> 0 | B12: =IF(LEFT(input!E10,1)=$A$1,input!D10,0) -> 0 | C12: =IF(LEFT(input!F10,1)=$A$1,input!E10,0) -> 0 | D12: =IF(LEFT(input!G10,1)=$A$1,input!F10,0) -> 0 | E12: =IF(LEFT(input!H10,1)=$A$1,input!G10,0) -> 6 | F12: =IF(LEFT(input!I10,1)=$A$1,input!H10,0) -> 0 | G12: =IF(LEFT(input!J10,1)=$A$1,input!I10,0) -> 4 | H12: =IF(LEFT(input!K10,1)=$A$1,input!J10,0) -> 0 | ... AI12: =IF(LEFT(input!AL10,1)=$A$1,input!AK10,0) -> 0 | AJ12: =IF(LEFT(input!AM12,1)=$A$1,input!AL10,0) -> 0 | AK12: =IF(LEFT(input!AN12,1)=$A$1,input!AM12,0) -> 0 | AL12: =IF(LEFT(input!AO12,1)=$A$1,input!AN12,0) -> 0 | AM12: =MAX(A12:AL12) -> 6
A13: =IF(LEFT(input!D11,1)=$A$1,input!C11,0) -> 1 | B13: =IF(LEFT(input!E11,1)=$A$1,input!D11,0) -> 0 | C13: =IF(LEFT(input!F11,1)=$A$1,input!E11,0) -> 0 | D13: =IF(LEFT(input!G11,1)=$A$1,input!F11,0) -> 0 | E13: =IF(LEFT(input!H11,1)=$A$1,input!G11,0) -> 0 | F13: =IF(LEFT(input!I11,1)=$A$1,input!H11,0) -> 0 | G13: =IF(LEFT(input!J11,1)=$A$1,input!I11,0) -> 1 | H13: =IF(LEFT(input!K11,1)=$A$1,input!J11,0) -> 0 | ... AI13: =IF(LEFT(input!AL11,1)=$A$1,input!AK11,0) -> 0 | AJ13: =IF(LEFT(input!AM13,1)=$A$1,input!AL11,0) -> 0 | AK13: =IF(LEFT(input!AN13,1)=$A$1,input!AM13,0) -> 0 | AL13: =IF(LEFT(input!AO13,1)=$A$1,input!AN13,0) -> 0 | AM13: =MAX(A13:AL13) -> 2
A14: =IF(LEFT(input!D12,1)=$A$1,input!C12,0) -> 4 | B14: =IF(LEFT(input!E12,1)=$A$1,input!D12,0) -> 0 | C14: =IF(LEFT(input!F12,1)=$A$1,input!E12,0) -> 0 | D14: =IF(LEFT(input!G12,1)=$A$1,input!F12,0) -> 0 | E14: =IF(LEFT(input!H12,1)=$A$1,input!G12,0) -> 9 | F14: =IF(LEFT(input!I12,1)=$A$1,input!H12,0) -> 0 | G14: =IF(LEFT(input!J12,1)=$A$1,input!I12,0) -> 0 | H14: =IF(LEFT(input!K12,1)=$A$1,input!J12,0) -> 0 | ... AI14: =IF(LEFT(input!AL12,1)=$A$1,input!AK12,0) -> 0 | AJ14: =IF(LEFT(input!AM14,1)=$A$1,input!AL12,0) -> 0 | AK14: =IF(LEFT(input!AN14,1)=$A$1,input!AM14,0) -> 0 | AL14: =IF(LEFT(input!AO14,1)=$A$1,input!AN14,0) -> 0 | AM14: =MAX(A14:AL14) -> 11
... A102: =IF(LEFT(input!D100,1)=$A$1,input!C100,0) -> 0 | B102: =IF(LEFT(input!E100,1)=$A$1,input!D100,0) -> 0 | C102: =IF(LEFT(input!F100,1)=$A$1,input!E100,0) -> 11 | D102: =IF(LEFT(input!G100,1)=$A$1,input!F100,0) -> 0 | E102: =IF(LEFT(input!H100,1)=$A$1,input!G100,0) -> 0 | F102: =IF(LEFT(input!I100,1)=$A$1,input!H100,0) -> 0 | G102: =IF(LEFT(input!J100,1)=$A$1,input!I100,0) -> 0 | H102: =IF(LEFT(input!K100,1)=$A$1,input!J100,0) -> 0 | ... AI102: =IF(LEFT(input!AL100,1)=$A$1,input!AK100,0) -> 0 | AJ102: =IF(LEFT(input!AM102,1)=$A$1,input!AL100,0) -> 0 | AK102: =IF(LEFT(input!AN102,1)=$A$1,input!AM102,0) -> 0 | AL102: =IF(LEFT(input!AO102,1)=$A$1,input!AN102,0) -> 0 | AM102: =MAX(A102:AL102) -> 14

Sheet input
A1: Game | B1: 1 | C1: 6 | D1: green, | E1: 3 | F1: blue | G1: 3 | H1: red, | I1: 1 | J1: green | K1: 4 | L1: green, | M1: 3 | N1: red, | O1: 5 | P1: blue
A2: Game | B2: 2 | C2: 2 | D2: red, | E2: 7 | F2: green | G2: 13 | H2: green, | I2: 2 | J2: blue, | K2: 4 | L2: red | M2: 4 | N2: green, | O2: 5 | P2: red, | Q2: 1 | R2: blue | S2: 1 | T2: blue, | U2: 9 | V2: red, | W2: 1 | X2: green
A3: Game | B3: 3 | C3: 2 | D3: green, | E3: 3 | F3: blue, | G3: 9 | H3: red | I3: 3 | J3: red, | K3: 2 | L3: green | M3: 6 | N3: red, | O3: 4 | P3: blue | Q3: 6 | R3: red
A4: Game | B4: 4 | C4: 9 | D4: red, | E4: 3 | F4: green | G4: 3 | H4: green, | I4: 8 | J4: red, | K4: 6 | L4: blue | M4: 12 | N4: blue, | O4: 4 | P4: green, | Q4: 6 | R4: red | S4: 4 | T4: green, | U4: 18 | V4: blue, | W4: 11 | X4: red | Y4: 9 | Z4: blue, | AA4: 2 | AB4: green, | AC4: 3 | AD4: red | AE4: 14 | AF4: blue, | AG4: 7 | AH4: red
A5: Game | B5: 5 | C5: 1 | D5: blue, | E5: 2 | F5: green, | G5: 3 | H5: red | I5: 16 | J5: red, | K5: 6 | L5: green | M5: 6 | N5: green, | O5: 2 | P5: red | Q5: 9 | R5: red, | S5: 1 | T5: green
A6: Game | B6: 6 | C6: 4 | D6: green, | E6: 7 | F6: red, | G6: 1 | H6: blue | I6: 18 | J6: green, | K6: 6 | L6: blue, | M6: 7 | N6: red | O6: 1 | P6: blue, | Q6: 3 | R6: red, | S6: 9 | T6: green | U6: 9 | V6: red, | W6: 19 | X6: green, | Y6: 1 | Z6: blue | AA6: 7 | AB6: red, | AC6: 9 | AD6: green, | AE6: 4 | AF6: blue | AG6: 5 | AH6: red, | AI6: 5 | AJ6: blue, | AK6: 10 | AL6: green
A7: Game | B7: 7 | C7: 16 | D7: blue, | E7: 5 | F7: green, | G7: 6 | H7: red | I7: 1 | J7: blue, | K7: 6 | L7: red, | M7: 9 | N7: green | O7: 6 | P7: green, | Q7: 3 | R7: red, | S7: 2 | T7: blue | U7: 2 | V7: red, | W7: 12 | X7: blue, | Y7: 2 | Z7: green
A8: Game | B8: 8 | C8: 6 | D8: green, | E8: 10 | F8: red | G8: 7 | H8: red, | I8: 6 | J8: green, | K8: 17 | L8: blue | M8: 13 | N8: blue, | O8: 1 | P8: red
A9: Game | B9: 9 | C9: 2 | D9: red, | E9: 4 | F9: green, | G9: 5 | H9: blue | I9: 2 | J9: green, | K9: 5 | L9: blue | M9: 4 | N9: green, | O9: 1 | P9: blue | Q9: 3 | R9: green, | S9: 3 | T9: red, | U9: 6 | V9: blue | W9: 3 | X9: green
A10: Game | B10: 10 | C10: 3 | D10: green, | E10: 5 | F10: red, | G10: 6 | H10: blue | I10: 4 | J10: blue, | K10: 4 | L10: red, | M10: 5 | N10: green | O10: 5 | P10: green, | Q10: 9 | R10: red, | S10: 5 | T10: blue | U10: 4 | V10: green, | W10: 6 | X10: blue, | Y10: 10 | Z10: red
A11: Game | B11: 11 | C11: 1 | D11: blue, | E11: 7 | F11: red, | G11: 9 | H11: green | I11: 1 | J11: blue, | K11: 13 | L11: red, | M11: 7 | N11: green | O11: 5 | P11: red | Q11: 4 | R11: red, | S11: 7 | T11: green, | U11: 2 | V11: blue | W11: 7 | X11: green, | Y11: 12 | Z11: red | AA11: 13 | AB11: red, | AC11: 2 | AD11: blue, | AE11: 12 | AF11: green
A12: Game | B12: 12 | C12: 4 | D12: blue, | E12: 2 | F12: red | G12: 9 | H12: blue, | I12: 2 | J12: green, | K12: 3 | L12: red | M12: 8 | N12: blue, | O12: 1 | P12: green, | Q12: 1 | R12: red | S12: 2 | T12: red, | U12: 3 | V12: green, | W12: 11 | X12: blue
A13: Game | B13: 13 | C13: 6 | D13: red, | E13: 8 | F13: green, | G13: 2 | H13: blue | I13: 6 | J13: red, | K13: 7 | L13: green | M13: 3 | N13: green, | O13: 3 | P13: red | Q13: 2 | R13: blue | S13: 3 | T13: red, | U13: 5 | V13: green
A14: Game | B14: 14 | C14: 2 | D14: green, | E14: 11 | F14: blue, | G14: 1 | H14: red | I14: 5 | J14: blue, | K14: 1 | L14: red, | M14: 1 | N14: green | O14: 3 | P14: green, | Q14: 12 | R14: blue, | S14: 2 | T14: red
A15: Game | B15: 15 | C15: 4 | D15: blue, | E15: 6 | F15: red, | G15: 7 | H15: green | I15: 1 | J15: red, | K15: 2 | L15: blue, | M15: 5 | N15: green | O15: 6 | P15: red, | Q15: 3 | R15: green, | S15: 8 | T15: blue | U15: 7 | V15: green, | W15: 8 | X15: blue, | Y15: 4 | Z15: red
A16: Game | B16: 16 | C16: 2 | D16: red, | E16: 16 | F16: blue | G16: 2 | H16: green, | I16: 7 | J16: red | K16: 15 | L16: blue, | M16: 7 | N16: red | O16: 2 | P16: red, | Q16: 3 | R16: green, | S16: 3 | T16: blue | U16: 3 | V16: red, | W16: 1 | X16: green, | Y16: 4 | Z16: blue | AA16: 4 | AB16: blue, | AC16: 3 | AD16: green
A17: Game | B17: 17 | C17: 2 | D17: red, | E17: 3 | F17: green, | G17: 10 | H17: blue | I17: 9 | J17: red, | K17: 4 | L17: blue, | M17: 3 | N17: green | O17: 3 | P17: green, | Q17: 11 | R17: red, | S17: 6 | T17: blue
A18: Game | B18: 18 | C18: 1 | D18: red | E18: 6 | F18: green, | G18: 1 | H18: red, | I18: 9 | J18: blue | K18: 4 | L18: blue, | M18: 2 | N18: green | O18: 6 | P18: blue, | Q18: 10 | R18: green
A19: Game | B19: 19 | C19: 2 | D19: red, | E19: 9 | F19: green | G19: 2 | H19: red, | I19: 1 | J19: blue | K19: 5 | L19: blue, | M19: 12 | N19: green | O19: 5 | P19: green | Q19: 8 | R19: green, | S19: 2 | T19: red, | U19: 3 | V19: blue | W19: 1 | X19: red, | Y19: 11 | Z19: green
A20: Game | B20: 20 | C20: 3 | D20: green, | E20: 2 | F20: red, | G20: 7 | H20: blue | I20: 1 | J20: blue, | K20: 10 | L20: green | M20: 1 | N20: red, | O20: 14 | P20: blue, | Q20: 13 | R20: green | S20: 3 | T20: green, | U20: 19 | V20: blue, | W20: 4 | X20: red
A21: Game | B21: 21 | C21: 8 | D21: red, | E21: 10 | F21: blue, | G21: 8 | H21: green | I21: 2 | J21: red, | K21: 7 | L21: green, | M21: 18 | N21: blue | O21: 4 | P21: green, | Q21: 11 | R21: blue, | S21: 4 | T21: red | U21: 5 | V21: green, | W21: 3 | X21: blue, | Y21: 10 | Z21: red
A22: Game | B22: 22 | C22: 17 | D22: blue, | E22: 2 | F22: green, | G22: 2 | H22: red | I22: 8 | J22: red, | K22: 7 | L22: blue | M22: 1 | N22: red, | O22: 9 | P22: blue, | Q22: 1 | R22: green
A23: Game | B23: 23 | C23: 4 | D23: blue, | E23: 18 | F23: red, | G23: 4 | H23: green | I23: 3 | J23: blue, | K23: 7 | L23: red | M23: 11 | N23: red | O23: 3 | P23: blue, | Q23: 6 | R23: red | S23: 19 | T23: red
A24: Game | B24: 24 | C24: 10 | D24: red, | E24: 1 | F24: blue, | G24: 17 | H24: green | I24: 17 | J24: green, | K24: 6 | L24: red | M24: 14 | N24: green, | O24: 4 | P24: blue
A25: Game | B25: 25 | C25: 4 | D25: blue, | E25: 9 | F25: green, | G25: 4 | H25: red | I25: 3 | J25: green, | K25: 5 | L25: blue | M25: 5 | N25: blue, | O25: 8 | P25: green | Q25: 3 | R25: green, | S25: 3 | T25: blue, | U25: 1 | V25: red | W25: 10 | X25: green, | Y25: 1 | Z25: blue, | AA25: 4 | AB25: red | AC25: 2 | AD25: green, | AE25: 2 | AF25: blue, | AG25: 1 | AH25: red
A26: Game | B26: 26 | C26: 18 | D26: green, | E26: 3 | F26: red, | G26: 12 | H26: blue | I26: 2 | J26: red, | K26: 7 | L26: green | M26: 11 | N26: blue, | O26: 17 | P26: green | Q26: 12 | R26: green, | S26: 11 | T26: blue | U26: 12 | V26: green, | W26: 4 | X26: blue, | Y26: 3 | Z26: red
A27: Game | B27: 27 | C27: 1 | D27: red, | E27: 3 | F27: blue, | G27: 8 | H27: green | I27: 15 | J27: blue, | K27: 8 | L27: red, | M27: 4 | N27: green | O27: 6 | P27: red, | Q27: 9 | R27: blue | S27: 6 | T27: red, | U27: 12 | V27: blue, | W27: 9 | X27: green | Y27: 4 | Z27: red, | AA27: 7 | AB27: blue, | AC27: 15 | AD27: green
A28: Game | B28: 28 | C28: 1 | D28: red, | E28: 14 | F28: green | G28: 1 | H28: blue, | I28: 11 | J28: green | K28: 2 | L28: green | M28: 4 | N28: red, | O28: 6 | P28: green, | Q28: 1 | R28: blue
A29: Game | B29: 29 | C29: 1 | D29: green, | E29: 13 | F29: red | G29: 4 | H29: red, | I29: 16 | J29: green, | K29: 7 | L29: blue | M29: 2 | N29: red, | O29: 4 | P29: blue | Q29: 12 | R29: green, | S29: 8 | T29: blue, | U29: 4 | V29: red | W29: 2 | X29: red | Y29: 12 | Z29: red, | AA29: 5 | AB29: green
A30: Game | B30: 30 | C30: 3 | D30: green, | E30: 4 | F30: blue, | G30: 3 | H30: red | I30: 5 | J30: blue, | K30: 4 | L30: green, | M30: 7 | N30: red | O30: 5 | P30: blue, | Q30: 2 | R30: green, | S30: 2 | T30: red | U30: 3 | V30: red, | W30: 1 | X30: blue
A31: Game | B31: 31 | C31: 1 | D31: blue, | E31: 8 | F31: green | G31: 9 | H31: green, | I31: 2 | J31: blue, | K31: 1 | L31: red | M31: 1 | N31: red, | O31: 2 | P31: blue
A32: Game | B32: 32 | C32: 11 | D32: red, | E32: 5 | F32: green, | G32: 4 | H32: blue | I32: 3 | J32: blue, | K32: 11 | L32: red, | M32: 8 | N32: green | O32: 6 | P32: blue, | Q32: 3 | R32: green, | S32: 17 | T32: red | U32: 4 | V32: red, | W32: 7 | X32: green, | Y32: 10 | Z32: blue
A33: Game | B33: 33 | C33: 6 | D33: blue, | E33: 4 | F33: red | G33: 1 | H33: green | I33: 1 | J33: green, | K33: 4 | L33: red, | M33: 4 | N33: blue | O33: 1 | P33: green, | Q33: 3 | R33: red, | S33: 10 | T33: blue | U33: 10 | V33: blue, | W33: 1 | X33: red
A34: Game | B34: 34 | C34: 2 | D34: green, | E34: 3 | F34: blue, | G34: 3 | H34: red | I34: 4 | J34: red | K34: 2 | L34: red, | M34: 2 | N34: blue
A35: Game | B35: 35 | C35: 9 | D35: green, | E35: 13 | F35: blue | G35: 13 | H35: blue, | I35: 14 | J35: red, | K35: 1 | L35: green | M35: 11 | N35: blue, | O35: 4 | P35: red, | Q35: 7 | R35: green | S35: 5 | T35: blue, | U35: 5 | V35: red, | W35: 8 | X35: green | Y35: 4 | Z35: red, | AA35: 2 | AB35: blue, | AC35: 2 | AD35: green
A36: Game | B36: 36 | C36: 9 | D36: red, | E36: 5 | F36: blue, | G36: 8 | H36: green | I36: 7 | J36: red, | K36: 20 | L36: blue | M36: 6 | N36: green, | O36: 16 | P36: blue, | Q36: 5 | R36: red | S36: 12 | T36: red, | U36: 3 | V36: blue, | W36: 3 | X36: green | Y36: 3 | Z36: green, | AA36: 6 | AB36: blue, | AC36: 11 | AD36: red | AE36: 11 | AF36: red, | AG36: 8 | AH36: blue, | AI36: 3 | AJ36: green
A37: Game | B37: 37 | C37: 10 | D37: green, | E37: 11 | F37: red, | G37: 3 | H37: blue | I37: 2 | J37: blue, | K37: 6 | L37: green, | M37: 11 | N37: red | O37: 9 | P37: green, | Q37: 8 | R37: red, | S37: 2 | T37: blue
A38: Game | B38: 38 | C38: 2 | D38: red, | E38: 2 | F38: green, | G38: 4 | H38: blue | I38: 3 | J38: red, | K38: 4 | L38: green, | M38: 3 | N38: blue | O38: 8 | P38: green, | Q38: 1 | R38: blue, | S38: 1 | T38: red | U38: 3 | V38: red, | W38: 5 | X38: blue, | Y38: 5 | Z38: green
A39: Game | B39: 39 | C39: 3 | D39: green, | E39: 17 | F39: red, | G39: 4 | H39: blue | I39: 2 | J39: green, | K39: 20 | L39: red | M39: 4 | N39: blue, | O39: 4 | P39: red, | Q39: 5 | R39: green | S39: 5 | T39: blue, | U39: 7 | V39: green, | W39: 7 | X39: red | Y39: 4 | Z39: blue, | AA39: 5 | AB39: green, | AC39: 16 | AD39: red
A40: Game | B40: 40 | C40: 2 | D40: green, | E40: 2 | F40: blue, | G40: 4 | H40: red | I40: 3 | J40: blue, | K40: 16 | L40: green | M40: 1 | N40: green, | O40: 2 | P40: blue | Q40: 1 | R40: red | S40: 3 | T40: blue, | U40: 15 | V40: green | W40: 13 | X40: green, | Y40: 1 | Z40: red, | AA40: 2 | AB40: blue
A41: Game | B41: 41 | C41: 12 | D41: red, | E41: 10 | F41: blue, | G41: 9 | H41: green | I41: 1 | J41: green, | K41: 15 | L41: red, | M41: 4 | N41: blue | O41: 2 | P41: green, | Q41: 8 | R41: blue, | S41: 12 | T41: red | U41: 3 | V41: red, | W41: 4 | X41: green, | Y41: 2 | Z41: blue | AA41: 8 | AB41: blue, | AC41: 14 | AD41: red, | AE41: 10 | AF41: green | AG41: 9 | AH41: blue, | AI41: 7 | AJ41: green, | AK41: 6 | AL41: red
A42: Game | B42: 42 | C42: 5 | D42: red, | E42: 3 | F42: green, | G42: 6 | H42: blue | I42: 4 | J42: blue, | K42: 6 | L42: green, | M42: 2 | N42: red | O42: 10 | P42: blue | Q42: 3 | R42: red, | S42: 6 | T42: green, | U42: 10 | V42: blue
A43: Game | B43: 43 | C43: 9 | D43: blue, | E43: 7 | F43: green, | G43: 1 | H43: red | I43: 2 | J43: green, | K43: 2 | L43: red, | M43: 8 | N43: blue | O43: 3 | P43: red, | Q43: 15 | R43: blue, | S43: 11 | T43: green | U43: 1 | V43: red, | W43: 6 | X43: blue, | Y43: 1 | Z43: green | AA43: 2 | AB43: red, | AC43: 1 | AD43: blue | AE43: 1 | AF43: red, | AG43: 3 | AH43: green, | AI43: 7 | AJ43: blue
A44: Game | B44: 44 | C44: 4 | D44: green, | E44: 6 | F44: red | G44: 15 | H44: green, | I44: 6 | J44: red | K44: 9 | L44: green, | M44: 16 | N44: red, | O44: 7 | P44: blue | Q44: 11 | R44: green, | S44: 4 | T44: blue, | U44: 12 | V44: red
A45: Game | B45: 45 | C45: 3 | D45: blue, | E45: 6 | F45: green, | G45: 1 | H45: red | I45: 4 | J45: green, | K45: 3 | L45: blue | M45: 8 | N45: green, | O45: 3 | P45: blue
A46: Game | B46: 46 | C46: 10 | D46: red, | E46: 8 | F46: blue | G46: 12 | H46: red, | I46: 2 | J46: green, | K46: 17 | L46: blue | M46: 17 | N46: blue, | O46: 6 | P46: red, | Q46: 1 | R46: green | S46: 18 | T46: red, | U46: 6 | V46: green, | W46: 3 | X46: blue | Y46: 16 | Z46: blue, | AA46: 2 | AB46: green, | AC46: 3 | AD46: red
A47: Game | B47: 47 | C47: 8 | D47: green, | E47: 13 | F47: red | G47: 8 | H47: green, | I47: 8 | J47: red, | K47: 4 | L47: blue | M47: 10 | N47: red, | O47: 3 | P47: green | Q47: 14 | R47: red, | S47: 5 | T47: green, | U47: 8 | V47: blue | W47: 7 | X47: green, | Y47: 19 | Z47: red, | AA47: 3 | AB47: blue | AC47: 2 | AD47: red, | AE47: 5 | AF47: green, | AG47: 5 | AH47: blue
A48: Game | B48: 48 | C48: 7 | D48: green, | E48: 9 | F48: blue, | G48: 3 | H48: red | I48: 7 | J48: blue, | K48: 1 | L48: green, | M48: 9 | N48: red | O48: 7 | P48: green, | Q48: 4 | R48: red, | S48: 1 | T48: blue | U48: 6 | V48: green, | W48: 3 | X48: red, | Y48: 1 | Z48: blue
A49: Game | B49: 49 | C49: 2 | D49: red, | E49: 3 | F49: green | G49: 3 | H49: blue, | I49: 2 | J49: red | K49: 4 | L49: red, | M49: 3 | N49: blue
A50: Game | B50: 50 | C50: 3 | D50: red, | E50: 7 | F50: blue, | G50: 4 | H50: green | I50: 2 | J50: green, | K50: 1 | L50: blue, | M50: 7 | N50: red | O50: 4 | P50: red, | Q50: 1 | R50: green, | S50: 5 | T50: blue
A51: Game | B51: 51 | C51: 11 | D51: red, | E51: 6 | F51: green, | G51: 1 | H51: blue | I51: 7 | J51: red, | K51: 1 | L51: blue, | M51: 9 | N51: green | O51: 15 | P51: red, | Q51: 18 | R51: green | S51: 11 | T51: green, | U51: 1 | V51: blue, | W51: 11 | X51: red | Y51: 10 | Z51: green, | AA51: 14 | AB51: red | AC51: 1 | AD51: red, | AE51: 11 | AF51: green, | AG51: 1 | AH51: blue
A52: Game | B52: 52 | C52: 18 | D52: blue, | E52: 1 | F52: red, | G52: 2 | H52: green | I52: 18 | J52: blue, | K52: 3 | L52: green, | M52: 1 | N52: red | O52: 2 | P52: green, | Q52: 13 | R52: blue, | S52: 1 | T52: red
A53: Game | B53: 53 | C53: 2 | D53: blue, | E53: 9 | F53: red, | G53: 6 | H53: green | I53: 1 | J53: blue, | K53: 3 | L53: red | M53: 7 | N53: red, | O53: 6 | P53: blue, | Q53: 8 | R53: green | S53: 2 | T53: red, | U53: 3 | V53: blue, | W53: 4 | X53: green | Y53: 1 | Z53: green, | AA53: 2 | AB53: blue, | AC53: 2 | AD53: red
A54: Game | B54: 54 | C54: 16 | D54: red, | E54: 4 | F54: blue | G54: 1 | H54: green, | I54: 3 | J54: blue, | K54: 3 | L54: red | M54: 2 | N54: green, | O54: 12 | P54: red | Q54: 2 | R54: green, | S54: 1 | T54: blue, | U54: 3 | V54: red | W54: 10 | X54: blue, | Y54: 6 | Z54: red, | AA54: 2 | AB54: green
A55: Game | B55: 55 | C55: 1 | D55: blue, | E55: 4 | F55: red, | G55: 1 | H55: green | I55: 2 | J55: blue, | K55: 2 | L55: red | M55: 13 | N55: red, | O55: 4 | P55: blue, | Q55: 1 | R55: green | S55: 4 | T55: blue, | U55: 9 | V55: red | W55: 1 | X55: green, | Y55: 1 | Z55: blue, | AA55: 16 | AB55: red
A56: Game | B56: 56 | C56: 12 | D56: blue, | E56: 12 | F56: green | G56: 4 | H56: blue, | I56: 1 | J56: red, | K56: 3 | L56: green | M56: 2 | N56: red, | O56: 12 | P56: green | Q56: 1 | R56: red, | S56: 11 | T56: green, | U56: 13 | V56: blue | W56: 16 | X56: blue, | Y56: 5 | Z56: green
A57: Game | B57: 57 | C57: 1 | D57: blue, | E57: 3 | F57: red | G57: 10 | H57: green, | I57: 5 | J57: red | K57: 5 | L57: green, | M57: 2 | N57: red | O57: 1 | P57: red, | Q57: 13 | R57: green
A58: Game | B58: 58 | C58: 6 | D58: blue, | E58: 1 | F58: red, | G58: 6 | H58: green | I58: 3 | J58: red, | K58: 9 | L58: blue | M58: 4 | N58: red, | O58: 9 | P58: blue, | Q58: 5 | R58: green | S58: 1 | T58: green, | U58: 5 | V58: red, | W58: 7 | X58: blue
A59: Game | B59: 59 | C59: 10 | D59: red, | E59: 3 | F59: green, | G59: 3 | H59: blue | I59: 6 | J59: blue, | K59: 11 | L59: red, | M59: 1 | N59: green | O59: 5 | P59: green, | Q59: 10 | R59: red | S59: 16 | T59: red, | U59: 2 | V59: blue, | W59: 4 | X59: green | Y59: 3 | Z59: green, | AA59: 10 | AB59: red
A60: Game | B60: 60 | C60: 2 | D60: green, | E60: 1 | F60: blue | G60: 1 | H60: green, | I60: 1 | J60: blue, | K60: 4 | L60: red | M60: 3 | N60: blue, | O60: 1 | P60: red, | Q60: 1 | R60: green | S60: 2 | T60: red, | U60: 2 | V60: green | W60: 4 | X60: red
A61: Game | B61: 61 | C61: 5 | D61: red, | E61: 1 | F61: green, | G61: 10 | H61: blue | I61: 9 | J61: red, | K61: 10 | L61: blue | M61: 1 | N61: red, | O61: 2 | P61: green, | Q61: 4 | R61: blue | S61: 10 | T61: blue, | U61: 2 | V61: green, | W61: 9 | X61: red | Y61: 1 | Z61: red, | AA61: 12 | AB61: blue, | AC61: 2 | AD61: green
A62: Game | B62: 62 | C62: 1 | D62: blue, | E62: 5 | F62: green | G62: 4 | H62: blue, | I62: 12 | J62: green, | K62: 1 | L62: red | M62: 7 | N62: blue, | O62: 3 | P62: green | Q62: 7 | R62: blue, | S62: 3 | T62: green | U62: 3 | V62: blue, | W62: 1 | X62: green, | Y62: 2 | Z62: red | AA62: 7 | AB62: blue, | AC62: 1 | AD62: red, | AE62: 12 | AF62: green
A63: Game | B63: 63 | C63: 4 | D63: blue, | E63: 2 | F63: green, | G63: 5 | H63: red | I63: 1 | J63: green, | K63: 2 | L63: red, | M63: 2 | N63: blue | O63: 4 | P63: blue, | Q63: 2 | R63: red, | S63: 2 | T63: green | U63: 1 | V63: blue, | W63: 6 | X63: red, | Y63: 2 | Z63: green | AA63: 6 | AB63: blue, | AC63: 1 | AD63: red | AE63: 1 | AF63: green, | AG63: 9 | AH63: red, | AI63: 6 | AJ63: blue
A64: Game | B64: 64 | C64: 1 | D64: green | E64: 3 | F64: green, | G64: 5 | H64: blue, | I64: 5 | J64: red | K64: 3 | L64: red, | M64: 3 | N64: blue, | O64: 3 | P64: green | Q64: 1 | R64: green, | S64: 4 | T64: red, | U64: 6 | V64: blue | W64: 5 | X64: red
A65: Game | B65: 65 | C65: 2 | D65: red | E65: 1 | F65: blue, | G65: 1 | H65: red | I65: 7 | J65: red, | K65: 2 | L65: blue | M65: 1 | N65: green, | O65: 4 | P65: blue, | Q65: 3 | R65: red
A66: Game | B66: 66 | C66: 3 | D66: red, | E66: 9 | F66: blue | G66: 1 | H66: red, | I66: 6 | J66: blue, | K66: 15 | L66: green | M66: 3 | N66: green, | O66: 3 | P66: red, | Q66: 11 | R66: blue
A67: Game | B67: 67 | C67: 2 | D67: red, | E67: 1 | F67: green, | G67: 2 | H67: blue | I67: 6 | J67: red, | K67: 1 | L67: green | M67: 1 | N67: blue, | O67: 1 | P67: red, | Q67: 4 | R67: green
A68: Game | B68: 68 | C68: 3 | D68: red, | E68: 1 | F68: blue | G68: 1 | H68: green, | I68: 3 | J68: red, | K68: 2 | L68: blue | M68: 1 | N68: green, | O68: 8 | P68: red | Q68: 2 | R68: blue, | S68: 3 | T68: red
A69: Game | B69: 69 | C69: 5 | D69: blue, | E69: 6 | F69: red | G69: 1 | H69: green, | I69: 15 | J69: blue, | K69: 10 | L69: red | M69: 1 | N69: green, | O69: 2 | P69: red, | Q69: 4 | R69: blue | S69: 5 | T69: blue, | U69: 7 | V69: red | W69: 3 | X69: red, | Y69: 1 | Z69: green, | AA69: 11 | AB69: blue
A70: Game | B70: 70 | C70: 4 | D70: green, | E70: 2 | F70: red, | G70: 8 | H70: blue | I70: 5 | J70: red, | K70: 3 | L70: blue | M70: 10 | N70: green, | O70: 5 | P70: blue
A71: Game | B71: 71 | C71: 1 | D71: red, | E71: 2 | F71: blue, | G71: 9 | H71: green | I71: 3 | J71: red, | K71: 8 | L71: green | M71: 1 | N71: red, | O71: 2 | P71: blue, | Q71: 6 | R71: green | S71: 3 | T71: red, | U71: 6 | V71: blue, | W71: 8 | X71: green | Y71: 6 | Z71: green, | AA71: 3 | AB71: blue, | AC71: 2 | AD71: red | AE71: 3 | AF71: red, | AG71: 8 | AH71: green, | AI71: 6 | AJ71: blue
A72: Game | B72: 72 | C72: 1 | D72: red, | E72: 11 | F72: green | G72: 1 | H72: blue, | I72: 7 | J72: green, | K72: 1 | L72: red | M72: 2 | N72: red, | O72: 12 | P72: green | Q72: 10 | R72: green, | S72: 6 | T72: red
A73: Game | B73: 73 | C73: 9 | D73: green, | E73: 2 | F73: red | G73: 1 | H73: blue, | I73: 3 | J73: green | K73: 1 | L73: blue, | M73: 1 | N73: red, | O73: 7 | P73: green | Q73: 2 | R73: blue, | S73: 9 | T73: green, | U73: 4 | V73: red | W73: 2 | X73: blue, | Y73: 3 | Z73: red, | AA73: 8 | AB73: green | AC73: 2 | AD73: green, | AE73: 9 | AF73: red
A74: Game | B74: 74 | C74: 2 | D74: green, | E74: 7 | F74: red | G74: 1 | H74: green, | I74: 3 | J74: blue, | K74: 6 | L74: red | M74: 4 | N74: green, | O74: 3 | P74: blue, | Q74: 6 | R74: red | S74: 2 | T74: green, | U74: 3 | V74: blue, | W74: 1 | X74: red | Y74: 3 | Z74: red, | AA74: 2 | AB74: blue, | AC74: 1 | AD74: green
A75: Game | B75: 75 | C75: 15 | D75: green, | E75: 2 | F75: blue | G75: 15 | H75: green, | I75: 6 | J75: red, | K75: 2 | L75: blue | M75: 12 | N75: green, | O75: 2 | P75: blue, | Q75: 1 | R75: red
A76: Game | B76: 76 | C76: 1 | D76: red, | E76: 9 | F76: green, | G76: 12 | H76: blue | I76: 6 | J76: red, | K76: 12 | L76: green, | M76: 1 | N76: blue | O76: 7 | P76: green, | Q76: 2 | R76: blue, | S76: 1 | T76: red
A77: Game | B77: 77 | C77: 11 | D77: blue, | E77: 1 | F77: red | G77: 7 | H77: blue, | I77: 2 | J77: red, | K77: 13 | L77: green | M77: 10 | N77: blue, | O77: 10 | P77: green | Q77: 12 | R77: blue, | S77: 3 | T77: red
A78: Game | B78: 78 | C78: 4 | D78: green | E78: 1 | F78: blue, | G78: 5 | H78: green | I78: 5 | J78: green, | K78: 1 | L78: blue, | M78: 1 | N78: red
A79: Game | B79: 79 | C79: 4 | D79: green, | E79: 7 | F79: blue, | G79: 16 | H79: red | I79: 1 | J79: blue, | K79: 10 | L79: red, | M79: 5 | N79: green | O79: 3 | P79: green, | Q79: 4 | R79: red, | S79: 3 | T79: blue | U79: 11 | V79: blue, | W79: 18 | X79: red, | Y79: 5 | Z79: green
A80: Game | B80: 80 | C80: 1 | D80: red, | E80: 4 | F80: blue, | G80: 6 | H80: green | I80: 14 | J80: blue, | K80: 16 | L80: red, | M80: 2 | N80: green | O80: 2 | P80: blue, | Q80: 5 | R80: red, | S80: 4 | T80: green | U80: 2 | V80: green, | W80: 8 | X80: red | Y80: 18 | Z80: red, | AA80: 6 | AB80: green, | AC80: 2 | AD80: blue | AE80: 18 | AF80: red, | AG80: 9 | AH80: blue
A81: Game | B81: 81 | C81: 11 | D81: red, | E81: 8 | F81: blue, | G81: 1 | H81: green | I81: 12 | J81: blue, | K81: 2 | L81: green, | M81: 14 | N81: red | O81: 16 | P81: red, | Q81: 2 | R81: green, | S81: 6 | T81: blue | U81: 17 | V81: red, | W81: 2 | X81: green | Y81: 3 | Z81: green, | AA81: 3 | AB81: blue, | AC81: 15 | AD81: red
A82: Game | B82: 82 | C82: 13 | D82: red, | E82: 1 | F82: blue, | G82: 6 | H82: green | I82: 3 | J82: green, | K82: 12 | L82: red, | M82: 3 | N82: blue | O82: 5 | P82: red, | Q82: 3 | R82: green, | S82: 18 | T82: blue | U82: 15 | V82: blue, | W82: 8 | X82: red
A83: Game | B83: 83 | C83: 9 | D83: green, | E83: 5 | F83: blue, | G83: 5 | H83: red | I83: 8 | J83: green, | K83: 15 | L83: blue, | M83: 7 | N83: red | O83: 4 | P83: green, | Q83: 6 | R83: red, | S83: 10 | T83: blue | U83: 5 | V83: green, | W83: 2 | X83: red
A84: Game | B84: 84 | C84: 2 | D84: blue, | E84: 2 | F84: green, | G84: 6 | H84: red | I84: 2 | J84: green, | K84: 7 | L84: red, | M84: 1 | N84: blue | O84: 3 | P84: green, | Q84: 3 | R84: blue | S84: 2 | T84: green, | U84: 3 | V84: red, | W84: 3 | X84: blue | Y84: 6 | Z84: green, | AA84: 4 | AB84: red
A85: Game | B85: 85 | C85: 1 | D85: blue, | E85: 3 | F85: green, | G85: 5 | H85: red | I85: 2 | J85: green, | K85: 2 | L85: red | M85: 4 | N85: red, | O85: 3 | P85: blue | Q85: 2 | R85: green, | S85: 3 | T85: blue, | U85: 1 | V85: red | W85: 4 | X85: red, | Y85: 2 | Z85: green, | AA85: 4 | AB85: blue
A86: Game | B86: 86 | C86: 6 | D86: red, | E86: 1 | F86: blue | G86: 1 | H86: green, | I86: 16 | J86: red | K86: 2 | L86: green, | M86: 1 | N86: red | O86: 12 | P86: red, | Q86: 1 | R86: blue
A87: Game | B87: 87 | C87: 6 | D87: red, | E87: 12 | F87: green, | G87: 1 | H87: blue | I87: 5 | J87: blue, | K87: 6 | L87: red, | M87: 4 | N87: green | O87: 2 | P87: blue, | Q87: 5 | R87: red, | S87: 8 | T87: green
A88: Game | B88: 88 | C88: 3 | D88: green, | E88: 6 | F88: red, | G88: 2 | H88: blue | I88: 3 | J88: blue, | K88: 2 | L88: green, | M88: 6 | N88: red | O88: 1 | P88: red, | Q88: 11 | R88: blue, | S88: 2 | T88: green
A89: Game | B89: 89 | C89: 7 | D89: red, | E89: 3 | F89: blue, | G89: 9 | H89: green | I89: 6 | J89: red, | K89: 3 | L89: blue, | M89: 15 | N89: green | O89: 2 | P89: blue, | Q89: 6 | R89: red, | S89: 12 | T89: green | U89: 5 | V89: red, | W89: 8 | X89: green | Y89: 3 | Z89: blue, | AA89: 7 | AB89: red, | AC89: 9 | AD89: green | AE89: 5 | AF89: red, | AG89: 7 | AH89: green
A90: Game | B90: 90 | C90: 2 | D90: green, | E90: 4 | F90: red, | G90: 19 | H90: blue | I90: 13 | J90: blue, | K90: 4 | L90: red, | M90: 1 | N90: green | O90: 14 | P90: blue, | Q90: 8 | R90: green
A91: Game | B91: 91 | C91: 12 | D91: green, | E91: 5 | F91: blue, | G91: 4 | H91: red | I91: 9 | J91: green, | K91: 10 | L91: blue, | M91: 1 | N91: red | O91: 13 | P91: green, | Q91: 1 | R91: blue, | S91: 4 | T91: red | U91: 2 | V91: red, | W91: 5 | X91: blue | Y91: 2 | Z91: blue, | AA91: 7 | AB91: green, | AC91: 2 | AD91: red | AE91: 5 | AF91: blue, | AG91: 5 | AH91: green, | AI91: 3 | AJ91: red
A92: Game | B92: 92 | C92: 9 | D92: red, | E92: 6 | F92: blue, | G92: 16 | H92: green | I92: 11 | J92: green, | K92: 2 | L92: red, | M92: 7 | N92: blue | O92: 1 | P92: green, | Q92: 1 | R92: red, | S92: 3 | T92: blue | U92: 4 | V92: green, | W92: 8 | X92: red
A93: Game | B93: 93 | C93: 1 | D93: green, | E93: 4 | F93: blue, | G93: 8 | H93: red | I93: 2 | J93: red, | K93: 1 | L93: green, | M93: 2 | N93: blue | O93: 2 | P93: blue, | Q93: 9 | R93: red | S93: 1 | T93: green, | U93: 4 | V93: blue, | W93: 3 | X93: red | Y93: 3 | Z93: red, | AA93: 1 | AB93: green, | AC93: 4 | AD93: blue
A94: Game | B94: 94 | C94: 1 | D94: green, | E94: 7 | F94: red, | G94: 4 | H94: blue | I94: 4 | J94: red, | K94: 3 | L94: blue | M94: 16 | N94: blue, | O94: 9 | P94: red, | Q94: 7 | R94: green | S94: 9 | T94: red, | U94: 15 | V94: blue | W94: 15 | X94: blue, | Y94: 3 | Z94: red, | AA94: 6 | AB94: green | AC94: 7 | AD94: red, | AE94: 10 | AF94: blue, | AG94: 12 | AH94: green
A95: Game | B95: 95 | C95: 5 | D95: green, | E95: 6 | F95: blue | G95: 10 | H95: green, | I95: 9 | J95: blue | K95: 4 | L95: blue, | M95: 8 | N95: green, | O95: 2 | P95: red | Q95: 5 | R95: blue, | S95: 5 | T95: green, | U95: 1 | V95: red
A96: Game | B96: 96 | C96: 13 | D96: blue, | E96: 10 | F96: red, | G96: 2 | H96: green | I96: 10 | J96: red, | K96: 2 | L96: green, | M96: 1 | N96: blue | O96: 6 | P96: blue, | Q96: 5 | R96: red, | S96: 3 | T96: green | U96: 11 | V96: red, | W96: 3 | X96: green, | Y96: 5 | Z96: blue | AA96: 11 | AB96: red, | AC96: 2 | AD96: green | AE96: 3 | AF96: green, | AG96: 6 | AH96: blue
A97: Game | B97: 97 | C97: 9 | D97: green, | E97: 11 | F97: red, | G97: 8 | H97: blue | I97: 6 | J97: red, | K97: 9 | L97: blue, | M97: 2 | N97: green | O97: 3 | P97: red, | Q97: 17 | R97: blue, | S97: 1 | T97: green
A98: Game | B98: 98 | C98: 14 | D98: blue, | E98: 3 | F98: green | G98: 2 | H98: red, | I98: 15 | J98: blue, | K98: 3 | L98: green | M98: 15 | N98: blue, | O98: 8 | P98: green, | Q98: 1 | R98: red | S98: 1 | T98: red, | U98: 8 | V98: green
A99: Game | B99: 99 | C99: 2 | D99: green, | E99: 7 | F99: blue | G99: 14 | H99: red, | I99: 1 | J99: green, | K99: 4 | L99: blue | M99: 8 | N99: blue, | O99: 13 | P99: red, | Q99: 2 | R99: green | S99: 10 | T99: green, | U99: 7 | V99: red, | W99: 10 | X99: blue
A100: Game | B100: 100 | C100: 5 | D100: green, | E100: 11 | F100: blue, | G100: 6 | H100: red | I100: 5 | J100: green, | K100: 12 | L100: blue | M100: 1 | N100: green, | O100: 14 | P100: blue, | Q100: 1 | R100: red | S100: 3 | T100: blue, | U100: 5 | V100: red, | W100: 6 | X100: green | Y100: 9 | Z100: blue | AA100: 6 | AB100: red
