Workbook

Sheet d04
D1: Part 1 | F1: Part 2
D2: =SUM(D4:D206) -> 25174 | F2: =SUM(F4:F206) -> 6420979
A3: id | B3: wins | C3: new
A4: =input!B1 -> 1 | B4: =matches!A1 -> 8 | C4: =A4+B4 -> 9 | D4: =FLOOR(POWER(2,B4)/2,1) -> 128 | F4: 1
A5: =input!B2 -> 2 | B5: =matches!A2 -> 3 | C5: =A5+B5 -> 5 | D5: =FLOOR(POWER(2,B5)/2,1) -> 4 | F5: =1+SUMIF(C$4:C4,">="&A5,F$4:F4) -> 2
A6: =input!B3 -> 3 | B6: =matches!A3 -> 0 | C6: =A6+B6 -> 3 | D6: =FLOOR(POWER(2,B6)/2,1) -> 0 | F6: =1+SUMIF(C$4:C5,">="&A6,F$4:F5) -> 4
A7: =input!B4 -> 4 | B7: =matches!A4 -> 7 | C7: =A7+B7 -> 11 | D7: =FLOOR(POWER(2,B7)/2,1) -> 64 | F7: =1+SUMIF(C$4:C6,">="&A7,F$4:F6) -> 4
A8: =input!B5 -> 5 | B8: =matches!A5 -> 3 | C8: =A8+B8 -> 8 | D8: =FLOOR(POWER(2,B8)/2,1) -> 4 | F8: =1+SUMIF(C$4:C7,">="&A8,F$4:F7) -> 8
A9: =input!B6 -> 6 | B9: =matches!A6 -> 0 | C9: =A9+B9 -> 6 | D9: =FLOOR(POWER(2,B9)/2,1) -> 0 | F9: =1+SUMIF(C$4:C8,">="&A9,F$4:F8) -> 14
A10: =input!B7 -> 7 | B10: =matches!A7 -> 4 | C10: =A10+B10 -> 11 | D10: =FLOOR(POWER(2,B10)/2,1) -> 8 | F10: =1+SUMIF(C$4:C9,">="&A10,F$4:F9) -> 14
A11: =input!B8 -> 8 | B11: =matches!A8 -> 4 | C11: =A11+B11 -> 12 | D11: =FLOOR(POWER(2,B11)/2,1) -> 8 | F11: =1+SUMIF(C$4:C10,">="&A11,F$4:F10) -> 28
A12: =input!B9 -> 9 | B12: =matches!A9 -> 3 | C12: =A12+B12 -> 12 | D12: =FLOOR(POWER(2,B12)/2,1) -> 4 | F12: =1+SUMIF(C$4:C11,">="&A12,F$4:F11) -> 48
A13: =input!B10 -> 10 | B13: =matches!A10 -> 4 | C13: =A13+B13 -> 14 | D13: =FLOOR(POWER(2,B13)/2,1) -> 8 | F13: =1+SUMIF(C$4:C12,">="&A13,F$4:F12) -> 95
A14: =input!B11 -> 11 | B14: =matches!A11 -> 4 | C14: =A14+B14 -> 15 | D14: =FLOOR(POWER(2,B14)/2,1) -> 8 | F14: =1+SUMIF(C$4:C13,">="&A14,F$4:F13) -> 190
A15: =input!B12 -> 12 | B15: =matches!A12 -> 3 | C15: =A15+B15 -> 15 | D15: =FLOOR(POWER(2,B15)/2,1) -> 4 | F15: =1+SUMIF(C5:C14,">="&A15,F5:F14) -> 362
A16: =input!B13 -> 13 | B16: =matches!A13 -> 0 | C16: =A16+B16 -> 13 | D16: =FLOOR(POWER(2,B16)/2,1) -> 0 | F16: =1+SUMIF(C6:C15,">="&A16,F6:F15) -> 648
A17: =input!B14 -> 14 | B17: =matches!A14 -> 0 | C17: =A17+B17 -> 14 | D17: =FLOOR(POWER(2,B17)/2,1) -> 0 | F17: =1+SUMIF(C7:C16,">="&A17,F7:F16) -> 648
A18: =input!B15 -> 15 | B18: =matches!A15 -> 0 | C18: =A18+B18 -> 15 | D18: =FLOOR(POWER(2,B18)/2,1) -> 0 | F18: =1+SUMIF(C8:C17,">="&A18,F8:F17) -> 553
A19: =input!B16 -> 16 | B19: =matches!A16 -> 10 | C19: =A19+B19 -> 26 | D19: =FLOOR(POWER(2,B19)/2,1) -> 512 | F19: =1+SUMIF(C9:C18,">="&A19,F9:F18) -> 1
A20: =input!B17 -> 17 | B20: =matches!A17 -> 10 | C20: =A20+B20 -> 27 | D20: =FLOOR(POWER(2,B20)/2,1) -> 512 | F20: =1+SUMIF(C10:C19,">="&A20,F10:F19) -> 2
A21: =input!B18 -> 18 | B21: =matches!A18 -> 10 | C21: =A21+B21 -> 28 | D21: =FLOOR(POWER(2,B21)/2,1) -> 512 | F21: =1+SUMIF(C11:C20,">="&A21,F11:F20) -> 4
A22: =input!B19 -> 19 | B22: =matches!A19 -> 6 | C22: =A22+B22 -> 25 | D22: =FLOOR(POWER(2,B22)/2,1) -> 32 | F22: =1+SUMIF(C12:C21,">="&A22,F12:F21) -> 8
A23: =input!B20 -> 20 | B23: =matches!A20 -> 3 | C23: =A23+B23 -> 23 | D23: =FLOOR(POWER(2,B23)/2,1) -> 4 | F23: =1+SUMIF(C13:C22,">="&A23,F13:F22) -> 16
A24: =input!B21 -> 21 | B24: =matches!A21 -> 3 | C24: =A24+B24 -> 24 | D24: =FLOOR(POWER(2,B24)/2,1) -> 4 | F24: =1+SUMIF(C14:C23,">="&A24,F14:F23) -> 32
A25: =input!B22 -> 22 | B25: =matches!A22 -> 10 | C25: =A25+B25 -> 32 | D25: =FLOOR(POWER(2,B25)/2,1) -> 512 | F25: =1+SUMIF(C15:C24,">="&A25,F15:F24) -> 64
A26: =input!B23 -> 23 | B26: =matches!A23 -> 9 | C26: =A26+B26 -> 32 | D26: =FLOOR(POWER(2,B26)/2,1) -> 256 | F26: =1+SUMIF(C16:C25,">="&A26,F16:F25) -> 128
... A206: =input!B203 -> 203 | B206: =matches!A203 -> 0 | C206: =A206+B206 -> 203 | D206: =FLOOR(POWER(2,B206)/2,1) -> 0 | F206: =1+SUMIF(C196:C205,">="&A206,F196:F205) -> 9354

Sheet matches
A1: =SUM(C1:AA1) -> 8 | C1: =IF(ISERROR(MATCH(input!N1,input!$C1:$L1,0)),0,1) -> 0 | D1: =IF(ISERROR(MATCH(input!O1,input!$C1:$L1,0)),0,1) -> 0 | E1: =IF(ISERROR(MATCH(input!P1,input!$C1:$L1,0)),0,1) -> 1 | F1: =IF(ISERROR(MATCH(input!Q1,input!$C1:$L1,0)),0,1) -> 0 | G1: =IF(ISERROR(MATCH(input!R1,input!$C1:$L1,0)),0,1) -> 0 | H1: =IF(ISERROR(MATCH(input!S1,input!$C1:$L1,0)),0,1) -> 0 | I1: =IF(ISERROR(MATCH(input!T1,input!$C1:$L1,0)),0,1) -> 1 | J1: =IF(ISERROR(MATCH(input!U1,input!$C1:$L1,0)),0,1) -> 0 | ... AA1: =IF(ISERROR(MATCH(input!AL1,input!$C1:$L1,0)),0,1) -> 1
A2: =SUM(C2:AA2) -> 3 | C2: =IF(ISERROR(MATCH(input!N2,input!$C2:$L2,0)),0,1) -> 0 | D2: =IF(ISERROR(MATCH(input!O2,input!$C2:$L2,0)),0,1) -> 1 | E2: =IF(ISERROR(MATCH(input!P2,input!$C2:$L2,0)),0,1) -> 0 | F2: =IF(ISERROR(MATCH(input!Q2,input!$C2:$L2,0)),0,1) -> 1 | G2: =IF(ISERROR(MATCH(input!R2,input!$C2:$L2,0)),0,1) -> 0 | H2: =IF(ISERROR(MATCH(input!S2,input!$C2:$L2,0)),0,1) -> 0 | I2: =IF(ISERROR(MATCH(input!T2,input!$C2:$L2,0)),0,1) -> 0 | J2: =IF(ISERROR(MATCH(input!U2,input!$C2:$L2,0)),0,1) -> 0 | ... AA2: =IF(ISERROR(MATCH(input!AL2,input!$C2:$L2,0)),0,1) -> 0
A3: =SUM(C3:AA3) -> 0 | C3: =IF(ISERROR(MATCH(input!N3,input!$C3:$L3,0)),0,1) -> 0 | D3: =IF(ISERROR(MATCH(input!O3,input!$C3:$L3,0)),0,1) -> 0 | E3: =IF(ISERROR(MATCH(input!P3,input!$C3:$L3,0)),0,1) -> 0 | F3: =IF(ISERROR(MATCH(input!Q3,input!$C3:$L3,0)),0,1) -> 0 | G3: =IF(ISERROR(MATCH(input!R3,input!$C3:$L3,0)),0,1) -> 0 | H3: =IF(ISERROR(MATCH(input!S3,input!$C3:$L3,0)),0,1) -> 0 | I3: =IF(ISERROR(MATCH(input!T3,input!$C3:$L3,0)),0,1) -> 0 | J3: =IF(ISERROR(MATCH(input!U3,input!$C3:$L3,0)),0,1) -> 0 | ... AA3: =IF(ISERROR(MATCH(input!AL3,input!$C3:$L3,0)),0,1) -> 0
A4: =SUM(C4:AA4) -> 7 | C4: =IF(ISERROR(MATCH(input!N4,input!$C4:$L4,0)),0,1) -> 1 | D4: =IF(ISERROR(MATCH(input!O4,input!$C4:$L4,0)),0,1) -> 1 | E4: =IF(ISERROR(MATCH(input!P4,input!$C4:$L4,0)),0,1) -> 0 | F4: =IF(ISERROR(MATCH(input!Q4,input!$C4:$L4,0)),0,1) -> 0 | G4: =IF(ISERROR(MATCH(input!R4,input!$C4:$L4,0)),0,1) -> 0 | H4: =IF(ISERROR(MATCH(input!S4,input!$C4:$L4,0)),0,1) -> 0 | I4: =IF(ISERROR(MATCH(input!T4,input!$C4:$L4,0)),0,1) -> 0 | J4: =IF(ISERROR(MATCH(input!U4,input!$C4:$L4,0)),0,1) -> 0 | ... AA4: =IF(ISERROR(MATCH(input!AL4,input!$C4:$L4,0)),0,1) -> 0
A5: =SUM(C5:AA5) -> 3 | C5: =IF(ISERROR(MATCH(input!N5,input!$C5:$L5,0)),0,1) -> 0 | D5: =IF(ISERROR(MATCH(input!O5,input!$C5:$L5,0)),0,1) -> 0 | E5: =IF(ISERROR(MATCH(input!P5,input!$C5:$L5,0)),0,1) -> 0 | F5: =IF(ISERROR(MATCH(input!Q5,input!$C5:$L5,0)),0,1) -> 1 | G5: =IF(ISERROR(MATCH(input!R5,input!$C5:$L5,0)),0,1) -> 0 | H5: =IF(ISERROR(MATCH(input!S5,input!$C5:$L5,0)),0,1) -> 0 | I5: =IF(ISERROR(MATCH(input!T5,input!$C5:$L5,0)),0,1) -> 0 | J5: =IF(ISERROR(MATCH(input!U5,input!$C5:$L5,0)),0,1) -> 0 | ... AA5: =IF(ISERROR(MATCH(input!AL5,input!$C5:$L5,0)),0,1) -> 0
A6: =SUM(C6:AA6) -> 0 | C6: =IF(ISERROR(MATCH(input!N6,input!$C6:$L6,0)),0,1) -> 0 | D6: =IF(ISERROR(MATCH(input!O6,input!$C6:$L6,0)),0,1) -> 0 | E6: =IF(ISERROR(MATCH(input!P6,input!$C6:$L6,0)),0,1) -> 0 | F6: =IF(ISERROR(MATCH(input!Q6,input!$C6:$L6,0)),0,1) -> 0 | G6: =IF(ISERROR(MATCH(input!R6,input!$C6:$L6,0)),0,1) -> 0 | H6: =IF(ISERROR(MATCH(input!S6,input!$C6:$L6,0)),0,1) -> 0 | I6: =IF(ISERROR(MATCH(input!T6,input!$C6:$L6,0)),0,1) -> 0 | J6: =IF(ISERROR(MATCH(input!U6,input!$C6:$L6,0)),0,1) -> 0 | ... AA6: =IF(ISERROR(MATCH(input!AL6,input!$C6:$L6,0)),0,1) -> 0
A7: =SUM(C7:AA7) -> 4 | C7: =IF(ISERROR(MATCH(input!N7,input!$C7:$L7,0)),0,1) -> 1 | D7: =IF(ISERROR(MATCH(input!O7,input!$C7:$L7,0)),0,1) -> 1 | E7: =IF(ISERROR(MATCH(input!P7,input!$C7:$L7,0)),0,1) -> 0 | F7: =IF(ISERROR(MATCH(input!Q7,input!$C7:$L7,0)),0,1) -> 1 | G7: =IF(ISERROR(MATCH(input!R7,input!$C7:$L7,0)),0,1) -> 0 | H7: =IF(ISERROR(MATCH(input!S7,input!$C7:$L7,0)),0,1) -> 0 | I7: =IF(ISERROR(MATCH(input!T7,input!$C7:$L7,0)),0,1) -> 0 | J7: =IF(ISERROR(MATCH(input!U7,input!$C7:$L7,0)),0,1) -> 0 | ... AA7: =IF(ISERROR(MATCH(input!AL7,input!$C7:$L7,0)),0,1) -> 0
A8: =SUM(C8:AA8) -> 4 | C8: =IF(ISERROR(MATCH(input!N8,input!$C8:$L8,0)),0,1) -> 0 | D8: =IF(ISERROR(MATCH(input!O8,input!$C8:$L8,0)),0,1) -> 0 | E8: =IF(ISERROR(MATCH(input!P8,input!$C8:$L8,0)),0,1) -> 0 | F8: =IF(ISERROR(MATCH(input!Q8,input!$C8:$L8,0)),0,1) -> 0 | G8: =IF(ISERROR(MATCH(input!R8,input!$C8:$L8,0)),0,1) -> 0 | H8: =IF(ISERROR(MATCH(input!S8,input!$C8:$L8,0)),0,1) -> 0 | I8: =IF(ISERROR(MATCH(input!T8,input!$C8:$L8,0)),0,1) -> 0 | J8: =IF(ISERROR(MATCH(input!U8,input!$C8:$L8,0)),0,1) -> 0 | ... AA8: =IF(ISERROR(MATCH(input!AL8,input!$C8:$L8,0)),0,1) -> 0
A9: =SUM(C9:AA9) -> 3 | C9: =IF(ISERROR(MATCH(input!N9,input!$C9:$L9,0)),0,1) -> 0 | D9: =IF(ISERROR(MATCH(input!O9,input!$C9:$L9,0)),0,1) -> 1 | E9: =IF(ISERROR(MATCH(input!P9,input!$C9:$L9,0)),0,1) -> 0 | F9: =IF(ISERROR(MATCH(input!Q9,input!$C9:$L9,0)),0,1) -> 0 | G9: =IF(ISERROR(MATCH(input!R9,input!$C9:$L9,0)),0,1) -> 0 | H9: =IF(ISERROR(MATCH(input!S9,input!$C9:$L9,0)),0,1) -> 0 | I9: =IF(ISERROR(MATCH(input!T9,input!$C9:$L9,0)),0,1) -> 0 | J9: =IF(ISERROR(MATCH(input!U9,input!$C9:$L9,0)),0,1) -> 0 | ... AA9: =IF(ISERROR(MATCH(input!AL9,input!$C9:$L9,0)),0,1) -> 0
A10: =SUM(C10:AA10) -> 4 | C10: =IF(ISERROR(MATCH(input!N10,input!$C10:$L10,0)),0,1) -> 0 | D10: =IF(ISERROR(MATCH(input!O10,input!$C10:$L10,0)),0,1) -> 0 | E10: =IF(ISERROR(MATCH(input!P10,input!$C10:$L10,0)),0,1) -> 0 | F10: =IF(ISERROR(MATCH(input!Q10,input!$C10:$L10,0)),0,1) -> 0 | G10: =IF(ISERROR(MATCH(input!R10,input!$C10:$L10,0)),0,1) -> 1 | H10: =IF(ISERROR(MATCH(input!S10,input!$C10:$L10,0)),0,1) -> 0 | I10: =IF(ISERROR(MATCH(input!T10,input!$C10:$L10,0)),0,1) -> 0 | J10: =IF(ISERROR(MATCH(input!U10,input!$C10:$L10,0)),0,1) -> 0 | ... AA10: =IF(ISERROR(MATCH(input!AL10,input!$C10:$L10,0)),0,1) -> 1
A11: =SUM(C11:AA11) -> 4 | C11: =IF(ISERROR(MATCH(input!N11,input!$C11:$L11,0)),0,1) -> 0 | D11: =IF(ISERROR(MATCH(input!O11,input!$C11:$L11,0)),0,1) -> 1 | E11: =IF(ISERROR(MATCH(input!P11,input!$C11:$L11,0)),0,1) -> 0 | F11: =IF(ISERROR(MATCH(input!Q11,input!$C11:$L11,0)),0,1) -> 0 | G11: =IF(ISERROR(MATCH(input!R11,input!$C11:$L11,0)),0,1) -> 1 | H11: =IF(ISERROR(MATCH(input!S11,input!$C11:$L11,0)),0,1) -> 0 | I11: =IF(ISERROR(MATCH(input!T11,input!$C11:$L11,0)),0,1) -> 0 | J11: =IF(ISERROR(MATCH(input!U11,input!$C11:$L11,0)),0,1) -> 0 | ... AA11: =IF(ISERROR(MATCH(input!AL11,input!$C11:$L11,0)),0,1) -> 0
A12: =SUM(C12:AA12) -> 3 | C12: =IF(ISERROR(MATCH(input!N12,input!$C12:$L12,0)),0,1) -> 1 | D12: =IF(ISERROR(MATCH(input!O12,input!$C12:$L12,0)),0,1) -> 0 | E12: =IF(ISERROR(MATCH(input!P12,input!$C12:$L12,0)),0,1) -> 0 | F12: =IF(ISERROR(MATCH(input!Q12,input!$C12:$L12,0)),0,1) -> 0 | G12: =IF(ISERROR(MATCH(input!R12,input!$C12:$L12,0)),0,1) -> 1 | H12: =IF(ISERROR(MATCH(input!S12,input!$C12:$L12,0)),0,1) -> 0 | I12: =IF(ISERROR(MATCH(input!T12,input!$C12:$L12,0)),0,1) -> 0 | J12: =IF(ISERROR(MATCH(input!U12,input!$C12:$L12,0)),0,1) -> 0 | ... AA12: =IF(ISERROR(MATCH(input!AL12,input!$C12:$L12,0)),0,1) -> 1
... A203: =SUM(C203:AA203) -> 0 | C203: =IF(ISERROR(MATCH(input!N203,input!$C203:$L203,0)),0,1) -> 0 | D203: =IF(ISERROR(MATCH(input!O203,input!$C203:$L203,0)),0,1) -> 0 | E203: =IF(ISERROR(MATCH(input!P203,input!$C203:$L203,0)),0,1) -> 0 | F203: =IF(ISERROR(MATCH(input!Q203,input!$C203:$L203,0)),0,1) -> 0 | G203: =IF(ISERROR(MATCH(input!R203,input!$C203:$L203,0)),0,1) -> 0 | H203: =IF(ISERROR(MATCH(input!S203,input!$C203:$L203,0)),0,1) -> 0 | I203: =IF(ISERROR(MATCH(input!T203,input!$C203:$L203,0)),0,1) -> 0 | J203: =IF(ISERROR(MATCH(input!U203,input!$C203:$L203,0)),0,1) -> 0 | ... AA203: =IF(ISERROR(MATCH(input!AL203,input!$C203:$L203,0)),0,1) -> 0

Sheet input
A1: Card | B1: 1 | C1: 87 | D1: 75 | E1: 80 | F1: 68 | G1: 71 | H1: 57 | I1: 58 | J1: 59 | K1: 70 | L1: 48 | M1: | | N1: 56 | O1: 67 | P1: 75 | Q1: 76 | R1: 31 | S1: 49 | T1: 48 | U1: 22 | V1: 43 | W1: 68 | X1: 98 | Y1: 86 | Z1: 70 | AA1: 91 | AB1: 27 | AC1: 46 | AD1: 4 | AE1: 87 | AF1: 72 | AG1: 37 | AH1: 71 | AI1: 58 | AJ1: 29 | AK1: 79 | AL1: 80
A2: Card | B2: 2 | C2: 95 | D2: 97 | E2: 90 | F2: 91 | G2: 79 | H2: 71 | I2: 60 | J2: 87 | K2: 46 | L2: 80 | M2: | | N2: 28 | O2: 90 | P2: 55 | Q2: 87 | R2: 82 | S2: 34 | T2: 44 | U2: 96 | V2: 77 | W2: 15 | X2: 22 | Y2: 63 | Z2: 31 | AA2: 33 | AB2: 5 | AC2: 99 | AD2: 36 | AE2: 91 | AF2: 17 | AG2: 10 | AH2: 64 | AI2: 59 | AJ2: 68 | AK2: 37 | AL2: 13
A3: Card | B3: 3 | C3: 23 | D3: 73 | E3: 50 | F3: 78 | G3: 93 | H3: 30 | I3: 56 | J3: 10 | K3: 8 | L3: 64 | M3: | | N3: 61 | O3: 48 | P3: 87 | Q3: 46 | R3: 12 | S3: 75 | T3: 92 | U3: 37 | V3: 62 | W3: 45 | X3: 24 | Y3: 81 | Z3: 79 | AA3: 55 | AB3: 76 | AC3: 82 | AD3: 9 | AE3: 1 | AF3: 16 | AG3: 72 | AH3: 13 | AI3: 27 | AJ3: 41 | AK3: 86 | AL3: 19
A4: Card | B4: 4 | C4: 16 | D4: 50 | E4: 13 | F4: 24 | G4: 94 | H4: 27 | I4: 74 | J4: 58 | K4: 15 | L4: 53 | M4: | | N4: 58 | O4: 53 | P4: 20 | Q4: 57 | R4: 69 | S4: 28 | T4: 47 | U4: 2 | V4: 41 | W4: 4 | X4: 66 | Y4: 61 | Z4: 15 | AA4: 44 | AB4: 24 | AC4: 68 | AD4: 50 | AE4: 74 | AF4: 86 | AG4: 45 | AH4: 36 | AI4: 73 | AJ4: 43 | AK4: 27 | AL4: 91
A5: Card | B5: 5 | C5: 39 | D5: 53 | E5: 29 | F5: 10 | G5: 84 | H5: 22 | I5: 83 | J5: 4 | K5: 5 | L5: 32 | M5: | | N5: 50 | O5: 28 | P5: 45 | Q5: 5 | R5: 6 | S5: 65 | T5: 18 | U5: 7 | V5: 92 | W5: 83 | X5: 3 | Y5: 55 | Z5: 81 | AA5: 26 | AB5: 80 | AC5: 39 | AD5: 44 | AE5: 60 | AF5: 90 | AG5: 37 | AH5: 91 | AI5: 36 | AJ5: 54 | AK5: 14 | AL5: 74
A6: Card | B6: 6 | C6: 84 | D6: 12 | E6: 96 | F6: 93 | G6: 72 | H6: 97 | I6: 91 | J6: 76 | K6: 7 | L6: 82 | M6: | | N6: 85 | O6: 15 | P6: 29 | Q6: 33 | R6: 37 | S6: 60 | T6: 14 | U6: 30 | V6: 63 | W6: 73 | X6: 38 | Y6: 62 | Z6: 77 | AA6: 44 | AB6: 86 | AC6: 39 | AD6: 51 | AE6: 2 | AF6: 99 | AG6: 75 | AH6: 70 | AI6: 36 | AJ6: 32 | AK6: 98 | AL6: 78
A7: Card | B7: 7 | C7: 78 | D7: 12 | E7: 1 | F7: 50 | G7: 48 | H7: 62 | I7: 33 | J7: 8 | K7: 83 | L7: 99 | M7: | | N7: 12 | O7: 50 | P7: 79 | Q7: 48 | R7: 59 | S7: 81 | T7: 26 | U7: 14 | V7: 5 | W7: 11 | X7: 37 | Y7: 8 | Z7: 36 | AA7: 91 | AB7: 95 | AC7: 20 | AD7: 46 | AE7: 44 | AF7: 21 | AG7: 32 | AH7: 58 | AI7: 93 | AJ7: 53 | AK7: 90 | AL7: 54
A8: Card | B8: 8 | C8: 55 | D8: 58 | E8: 8 | F8: 36 | G8: 16 | H8: 23 | I8: 88 | J8: 73 | K8: 45 | L8: 65 | M8: | | N8: 19 | O8: 10 | P8: 34 | Q8: 64 | R8: 52 | S8: 27 | T8: 75 | U8: 22 | V8: 33 | W8: 58 | X8: 74 | Y8: 45 | Z8: 16 | AA8: 11 | AB8: 63 | AC8: 56 | AD8: 12 | AE8: 14 | AF8: 8 | AG8: 25 | AH8: 59 | AI8: 4 | AJ8: 95 | AK8: 47 | AL8: 78
A9: Card | B9: 9 | C9: 95 | D9: 14 | E9: 83 | F9: 17 | G9: 7 | H9: 69 | I9: 44 | J9: 31 | K9: 45 | L9: 37 | M9: | | N9: 2 | O9: 69 | P9: 81 | Q9: 39 | R9: 76 | S9: 86 | T9: 29 | U9: 73 | V9: 72 | W9: 32 | X9: 67 | Y9: 5 | Z9: 9 | AA9: 16 | AB9: 95 | AC9: 90 | AD9: 36 | AE9: 27 | AF9: 88 | AG9: 55 | AH9: 61 | AI9: 6 | AJ9: 37 | AK9: 79 | AL9: 1
A10: Card | B10: 10 | C10: 24 | D10: 83 | E10: 98 | F10: 76 | G10: 87 | H10: 6 | I10: 32 | J10: 59 | K10: 4 | L10: 96 | M10: | | N10: 54 | O10: 5 | P10: 68 | Q10: 85 | R10: 76 | S10: 50 | T10: 60 | U10: 33 | V10: 58 | W10: 32 | X10: 88 | Y10: 61 | Z10: 27 | AA10: 55 | AB10: 90 | AC10: 65 | AD10: 93 | AE10: 13 | AF10: 53 | AG10: 29 | AH10: 44 | AI10: 15 | AJ10: 6 | AK10: 45 | AL10: 24
A11: Card | B11: 11 | C11: 55 | D11: 92 | E11: 57 | F11: 65 | G11: 44 | H11: 21 | I11: 49 | J11: 8 | K11: 13 | L11: 48 | M11: | | N11: 17 | O11: 44 | P11: 79 | Q11: 11 | R11: 65 | S11: 50 | T11: 46 | U11: 14 | V11: 40 | W11: 69 | X11: 31 | Y11: 62 | Z11: 55 | AA11: 86 | AB11: 36 | AC11: 60 | AD11: 30 | AE11: 52 | AF11: 25 | AG11: 93 | AH11: 41 | AI11: 56 | AJ11: 48 | AK11: 99 | AL11: 51
A12: Card | B12: 12 | C12: 14 | D12: 93 | E12: 52 | F12: 89 | G12: 35 | H12: 42 | I12: 13 | J12: 22 | K12: 76 | L12: 26 | M12: | | N12: 14 | O12: 5 | P12: 46 | Q12: 80 | R12: 22 | S12: 39 | T12: 1 | U12: 67 | V12: 43 | W12: 31 | X12: 78 | Y12: 87 | Z12: 68 | AA12: 95 | AB12: 90 | AC12: 83 | AD12: 96 | AE12: 71 | AF12: 74 | AG12: 29 | AH12: 15 | AI12: 88 | AJ12: 36 | AK12: 11 | AL12: 76
... A203: Card | B203: 203 | C203: 12 | D203: 10 | E203: 29 | F203: 80 | G203: 87 | H203: 71 | I203: 65 | J203: 37 | K203: 55 | L203: 9 | M203: | | N203: 11 | O203: 5 | P203: 75 | Q203: 46 | R203: 3 | S203: 81 | T203: 6 | U203: 54 | V203: 64 | W203: 32 | X203: 95 | Y203: 33 | Z203: 49 | AA203: 34 | AB203: 74 | AC203: 48 | AD203: 92 | AE203: 20 | AF203: 21 | AG203: 56 | AH203: 53 | AI203: 50 | AJ203: 41 | AK203: 61 | AL203: 36
