Workbook

Sheet part 1
A1: =input!B1 -> 49 | C1: =input!C1 -> 87 | E1: =input!D1 -> 78 | G1: =input!E1 -> 95 | J1: part 1
A2: =input!B2 -> 356 | B2: =COUNTIF(B4:B99,">"&A2) -> 32 | C2: =input!C2 -> 1378 | D2: =COUNTIF(D4:D99,">"&C2) -> 46 | E2: =input!D2 -> 1502 | F2: =COUNTIF(F4:F99,">"&E2) -> 9 | G2: =input!E2 -> 1882 | H2: =COUNTIF(H4:H99,">"&G2) -> 38 | J2: =B2*D2*F2*H2 -> 503424
A4: 1 | B4: =IF(A4<A$1,A4*(A$1-A4),0) -> 48 | C4: 1 | D4: =IF(C4<C$1,C4*(C$1-C4),0) -> 86 | E4: 1 | F4: =IF(E4<E$1,E4*(E$1-E4),0) -> 77 | G4: 1 | H4: =IF(G4<G$1,G4*(G$1-G4),0) -> 94
A5: 2 | B5: =IF(A5<A$1,A5*(A$1-A5),0) -> 94 | C5: 2 | D5: =IF(C5<C$1,C5*(C$1-C5),0) -> 170 | E5: 2 | F5: =IF(E5<E$1,E5*(E$1-E5),0) -> 152 | G5: 2 | H5: =IF(G5<G$1,G5*(G$1-G5),0) -> 186
A6: 3 | B6: =IF(A6<A$1,A6*(A$1-A6),0) -> 138 | C6: 3 | D6: =IF(C6<C$1,C6*(C$1-C6),0) -> 252 | E6: 3 | F6: =IF(E6<E$1,E6*(E$1-E6),0) -> 225 | G6: 3 | H6: =IF(G6<G$1,G6*(G$1-G6),0) -> 276
A7: 4 | B7: =IF(A7<A$1,A7*(A$1-A7),0) -> 180 | C7: 4 | D7: =IF(C7<C$1,C7*(C$1-C7),0) -> 332 | E7: 4 | F7: =IF(E7<E$1,E7*(E$1-E7),0) -> 296 | G7: 4 | H7: =IF(G7<G$1,G7*(G$1-G7),0) -> 364
A8: 5 | B8: =IF(A8<A$1,A8*(A$1-A8),0) -> 220 | C8: 5 | D8: =IF(C8<C$1,C8*(C$1-C8),0) -> 410 | E8: 5 | F8: =IF(E8<E$1,E8*(E$1-E8),0) -> 365 | G8: 5 | H8: =IF(G8<G$1,G8*(G$1-G8),0) -> 450
A9: 6 | B9: =IF(A9<A$1,A9*(A$1-A9),0) -> 258 | C9: 6 | D9: =IF(C9<C$1,C9*(C$1-C9),0) -> 486 | E9: 6 | F9: =IF(E9<E$1,E9*(E$1-E9),0) -> 432 | G9: 6 | H9: =IF(G9<G$1,G9*(G$1-G9),0) -> 534
A10: 7 | B10: =IF(A10<A$1,A10*(A$1-A10),0) -> 294 | C10: 7 | D10: =IF(C10<C$1,C10*(C$1-C10),0) -> 560 | E10: 7 | F10: =IF(E10<E$1,E10*(E$1-E10),0) -> 497 | G10: 7 | H10: =IF(G10<G$1,G10*(G$1-G10),0) -> 616
A11: 8 | B11: =IF(A11<A$1,A11*(A$1-A11),0) -> 328 | C11: 8 | D11: =IF(C11<C$1,C11*(C$1-C11),0) -> 632 | E11: 8 | F11: =IF(E11<E$1,E11*(E$1-E11),0) -> 560 | G11: 8 | H11: =IF(G11<G$1,G11*(G$1-G11),0) -> 696
A12: 9 | B12: =IF(A12<A$1,A12*(A$1-A12),0) -> 360 | C12: 9 | D12: =IF(C12<C$1,C12*(C$1-C12),0) -> 702 | E12: 9 | F12: =IF(E12<E$1,E12*(E$1-E12),0) -> 621 | G12: 9 | H12: =IF(G12<G$1,G12*(G$1-G12),0) -> 774
A13: 10 | B13: =IF(A13<A$1,A13*(A$1-A13),0) -> 390 | C13: 10 | D13: =IF(C13<C$1,C13*(C$1-C13),0) -> 770 | E13: 10 | F13: =IF(E13<E$1,E13*(E$1-E13),0) -> 680 | G13: 10 | H13: =IF(G13<G$1,G13*(G$1-G13),0) -> 850
A14: 11 | B14: =IF(A14<A$1,A14*(A$1-A14),0) -> 418 | C14: 11 | D14: =IF(C14<C$1,C14*(C$1-C14),0) -> 836 | E14: 11 | F14: =IF(E14<E$1,E14*(E$1-E14),0) -> 737 | G14: 11 | H14: =IF(G14<G$1,G14*(G$1-G14),0) -> 924
A15: 12 | B15: =IF(A15<A$1,A15*(A$1-A15),0) -> 444 | C15: 12 | D15: =IF(C15<C$1,C15*(C$1-C15),0) -> 900 | E15: 12 | F15: =IF(E15<E$1,E15*(E$1-E15),0) -> 792 | G15: 12 | H15: =IF(G15<G$1,G15*(G$1-G15),0) -> 996
... A102: 99 | B102: =IF(A102<A$1,A102*(A$1-A102),0) -> 0 | C102: 99 | D102: =IF(C102<C$1,C102*(C$1-C102),0) -> 0 | E102: 99 | F102: =IF(E102<E$1,E102*(E$1-E102),0) -> 0 | G102: 99 | H102: =IF(G102<G$1,G102*(G$1-G102),0) -> 0

Sheet part 2
A1: =_xlfn.CONCAT(input!B1:E1) -> 49877895 | F1: part 2
A2: =1*_xlfn.CONCAT(input!B2:E2) -> 356137815021882 | F2: =G34-B34 -> 32607562
A4: l | B4: m | C4: r | G4: l | H4: m | I4: r
A5: 0 | B5: =ROUND((A5+C5)/2,0) -> 12469474 | C5: =ROUND($A1/2,0) -> 24938948 | D5: =B5*($A$1-B5) -> 466463333040554 | F5: =ROUND($A1/2,0) -> 24938948 | G5: =ROUND((F5+H5)/2,0) -> 37408422 | H5: =$A1 -> 49877895 | I5: =G5*($A$1-G5) -> 466463308101606
A6: =IF(D5>$A$2,A5,B5) -> 0 | B6: =ROUND((A6+C6)/2,0) -> 6234737 | C6: =IF(D5>$A$2,B5,C5) -> 12469474 | D6: =B6*($A$1-B6) -> 272103611979446 | F6: =IF(I5<$A$2,F5,G5) -> 37408422 | G6: =ROUND((F6+H6)/2,0) -> 43643159 | H6: =IF(I5<$A$2,G5,H5) -> 49877895 | I6: =G6*($A$1-G6) -> 272103574571024
A7: =IF(D6>$A$2,A6,B6) -> 6234737 | B7: =ROUND((A7+C7)/2,0) -> 9352106 | C7: =IF(D6>$A$2,B6,C6) -> 12469474 | D7: =B7*($A$1-B7) -> 379001474461634 | F7: =IF(I6<$A$2,F6,G6) -> 37408422 | G7: =ROUND((F7+H7)/2,0) -> 40525791 | H7: =IF(I6<$A$2,G6,H6) -> 43643159 | I7: =G7*($A$1-G7) -> 379001412114264
A8: =IF(D7>$A$2,A7,B7) -> 6234737 | B8: =ROUND((A8+C8)/2,0) -> 7793422 | C8: =IF(D7>$A$2,B7,C7) -> 9352106 | D8: =B8*($A$1-B8) -> 327982057736606 | F8: =IF(I7<$A$2,F7,G7) -> 40525791 | G8: =ROUND((F8+H8)/2,0) -> 42084475 | H8: =IF(I7<$A$2,G7,H7) -> 43643159 | I8: =G8*($A$1-G8) -> 327981989154500
A9: =IF(D8>$A$2,A8,B8) -> 7793422 | B9: =ROUND((A9+C9)/2,0) -> 8572764 | C9: =IF(D8>$A$2,B8,C8) -> 9352106 | D9: =B9*($A$1-B9) -> 354099140052084 | F9: =IF(I8<$A$2,F8,G8) -> 40525791 | G9: =ROUND((F9+H9)/2,0) -> 41305133 | H9: =IF(I8<$A$2,G8,H8) -> 42084475 | I9: =G9*($A$1-G9) -> 354099074587346
A10: =IF(D9>$A$2,A9,B9) -> 8572764 | B10: =ROUND((A10+C10)/2,0) -> 8962435 | C10: =IF(D9>$A$2,B9,C9) -> 9352106 | D10: =B10*($A$1-B10) -> 366702150745100 | F10: =IF(I9<$A$2,F9,G9) -> 40525791 | G10: =ROUND((F10+H10)/2,0) -> 40915462 | H10: =IF(I9<$A$2,G9,H9) -> 41305133 | I10: =G10*($A$1-G10) -> 366702086839046
A11: =IF(D10>$A$2,A10,B10) -> 8572764 | B11: =ROUND((A11+C11)/2,0) -> 8767600 | C11: =IF(D10>$A$2,B10,C10) -> 8962435 | D11: =B11*($A$1-B11) -> 360438622442000 | F11: =IF(I10<$A$2,F10,G10) -> 40915462 | G11: =ROUND((F11+H11)/2,0) -> 41110298 | H11: =IF(I10<$A$2,G10,H10) -> 41305133 | I11: =G11*($A$1-G11) -> 360438525413906
A12: =IF(D11>$A$2,A11,B11) -> 8572764 | B12: =ROUND((A12+C12)/2,0) -> 8670182 | C12: =IF(D11>$A$2,B11,C11) -> 8767600 | D12: =B12*($A$1-B12) -> 357278371513766 | F12: =IF(I11<$A$2,F11,G11) -> 41110298 | G12: =ROUND((F12+H12)/2,0) -> 41207716 | H12: =IF(I11<$A$2,G11,H11) -> 41305133 | I12: =G12*($A$1-G12) -> 357278273901164
A13: =IF(D12>$A$2,A12,B12) -> 8572764 | B13: =ROUND((A13+C13)/2,0) -> 8621473 | C13: =IF(D12>$A$2,B12,C12) -> 8670182 | D13: =B13*($A$1-B13) -> 355691128349606 | F13: =IF(I12<$A$2,F12,G12) -> 41207716 | G13: =ROUND((F13+H13)/2,0) -> 41256425 | H13: =IF(I12<$A$2,G12,H12) -> 41305133 | I13: =G13*($A$1-G13) -> 355691030444750
A14: =IF(D13>$A$2,A13,B13) -> 8621473 | B14: =ROUND((A14+C14)/2,0) -> 8645828 | C14: =IF(D13>$A$2,B13,C13) -> 8670182 | D14: =B14*($A$1-B14) -> 356485359366476 | F14: =IF(I13<$A$2,F13,G13) -> 41207716 | G14: =ROUND((F14+H14)/2,0) -> 41232071 | H14: =IF(I13<$A$2,G13,H13) -> 41256425 | I14: =G14*($A$1-G14) -> 356485229021504
A15: =IF(D14>$A$2,A14,B14) -> 8621473 | B15: =ROUND((A15+C15)/2,0) -> 8633651 | C15: =IF(D14>$A$2,B14,C14) -> 8645828 | D15: =B15*($A$1-B15) -> 356088408454844 | F15: =IF(I14<$A$2,F14,G14) -> 41232071 | G15: =ROUND((F15+H15)/2,0) -> 41244248 | H15: =IF(I14<$A$2,G14,H14) -> 41256425 | I15: =G15*($A$1-G15) -> 356088278012456
A16: =IF(D15>$A$2,A15,B15) -> 8633651 | B16: =ROUND((A16+C16)/2,0) -> 8639740 | C16: =IF(D15>$A$2,B15,C15) -> 8645828 | D16: =B16*($A$1-B16) -> 356286937279700 | F16: =IF(I15<$A$2,F15,G15) -> 41232071 | G16: =ROUND((F16+H16)/2,0) -> 41238160 | H16: =IF(I15<$A$2,G15,H15) -> 41244248 | I16: =G16*($A$1-G16) -> 356286774287600
A17: =IF(D16>$A$2,A16,B16) -> 8633651 | B17: =ROUND((A17+C17)/2,0) -> 8636696 | C17: =IF(D16>$A$2,B16,C16) -> 8639740 | D17: =B17*($A$1-B17) -> 356187698438504 | F17: =IF(I16<$A$2,F16,G16) -> 41238160 | G17: =ROUND((F17+H17)/2,0) -> 41241204 | H17: =IF(I16<$A$2,G16,H16) -> 41244248 | I17: =G17*($A$1-G17) -> 356187535415964
... A34: =IF(D33>$A$2,A33,B33) -> 8635166 | B34: =ROUND((A34+C34)/2,0) -> 8635167 | C34: =IF(D33>$A$2,B33,C33) -> 8635167 | D34: =B34*($A$1-B34) -> 356137843815576 | F34: =IF(I33<$A$2,F33,G33) -> 41242728 | G34: =ROUND((F34+H34)/2,0) -> 41242729 | H34: =IF(I33<$A$2,G33,H33) -> 41242729 | I34: =G34*($A$1-G34) -> 356137811208014

Sheet input
A1: Time | B1: 49 | C1: 87 | D1: 78 | E1: 95
A2: Distance | B2: 356 | C2: 1378 | D2: 1502 | E2: 1882
